Age,Salary,Department,Region,Remote_Work,Performance_Score_Ordinal,Tenure_Years,Join_Year,Join_Month,Join_Quarter,Age_Was_Missing,Salary_Was_Missing,Attrition_Flag
25.0,59767.65,DevOps,California,True,2,3.7426420260095825,2021,4,2,False,False,0
35.0,65304.66,Finance,Texas,True,4,4.470910335386721,2020,7,3,True,False,0
30.0,88145.9,Admin,Nevada,True,3,1.0622861054072552,2023,12,4,True,False,0
25.0,69450.99,Admin,Nevada,True,3,3.0882956878850103,2021,11,4,False,False,1
25.0,109324.61,Cloud Tech,Florida,False,1,2.9815195071868583,2022,1,1,False,False,0
40.0,88642.84,Sales,Texas,False,3,4.553045859000685,2020,6,2,False,False,1
30.0,96288.43,Admin,Nevada,False,3,4.739219712525667,2020,4,2,True,False,0
30.0,94497.91,Cloud Tech,Florida,True,2,2.4531143052703626,2022,7,3,False,False,1
35.0,115565.82,Admin,Nevada,True,4,1.0595482546201231,2023,12,4,False,False,1
32.5,76561.88,DevOps,New York,True,4,2.403832991101985,2022,8,3,True,False,0
35.0,72081.71,Cloud Tech,New York,False,2,0.48186173853524983,2024,7,3,False,False,0
32.5,84946.19,DevOps,California,True,1,1.319644079397673,2023,9,3,True,False,0
30.0,89295.77,HR,New York,False,4,0.8186173853524983,2024,3,1,False,False,0
35.0,85666.84,Finance,California,False,3,4.219028062970568,2020,10,4,True,False,0
25.0,97633.68,Admin,Nevada,True,4,0.5530458590006845,2024,6,2,False,False,0
40.0,117975.49,Sales,Florida,True,3,3.586584531143053,2021,5,2,False,False,0
25.0,94867.33,DevOps,Illinois,False,1,0.6844626967830253,2024,4,2,False,False,1
30.0,100377.65,Finance,Texas,True,2,0.08487337440109514,2024,11,4,False,False,0
30.0,94726.46,Cloud Tech,Nevada,False,4,0.27652292950034224,2024,9,3,True,False,1
35.0,91926.12,Admin,Illinois,True,2,4.991101984941821,2020,1,1,False,False,0
35.0,111460.67,HR,New York,True,4,3.6440793976728267,2021,5,2,False,False,0
40.0,96182.56,Cloud Tech,Illinois,False,3,4.276522929500342,2020,9,3,False,False,0
35.0,115023.94,Sales,Illinois,True,2,3.808350444900753,2021,3,1,False,False,1
35.0,80667.01,Finance,Nevada,False,4,2.9021218343600275,2022,2,1,False,False,0
30.0,91181.61,Admin,Texas,True,3,4.876112251882272,2020,2,1,False,False,1
25.0,66025.92,Cloud Tech,Nevada,False,2,4.6652977412731005,2020,4,2,False,False,0
25.0,83979.01,Sales,New York,False,2,1.242984257357974,2023,10,4,False,False,1
30.0,56785.16,Finance,Florida,True,4,4.465434633812457,2020,7,3,False,False,0
40.0,95741.88,Finance,Nevada,False,4,1.218343600273785,2023,10,4,False,False,0
40.0,63411.31,DevOps,California,True,4,3.600273785078713,2021,5,2,False,False,0
40.0,111214.02,Admin,California,True,3,3.594798083504449,2021,5,2,False,False,1
25.0,114845.69,DevOps,Illinois,True,4,4.470910335386721,2020,7,3,False,False,0
40.0,78072.82,Finance,Florida,False,2,0.14784394250513347,2024,11,4,False,False,0
25.0,79610.52,Finance,California,False,2,3.3949349760438055,2021,8,3,False,False,1
30.0,90542.62,Admin,California,True,4,4.6680355920602326,2020,4,2,False,False,0
25.0,114357.1,Cloud Tech,Illinois,True,4,2.1765913757700206,2022,10,4,False,False,1
30.0,54757.26,Cloud Tech,New York,False,1,1.6591375770020533,2023,5,2,True,False,0
25.0,52781.92,Sales,New York,True,2,1.6618754277891854,2023,5,2,False,False,0
35.0,66708.02,Admin,Nevada,True,3,3.2334017796030117,2021,10,4,False,False,0
40.0,93481.15,HR,Texas,False,1,2.425735797399042,2022,7,3,False,False,0
25.0,59271.96,Sales,New York,True,4,3.5071868583162216,2021,6,2,False,False,0
30.0,108362.15,HR,California,False,4,2.537987679671458,2022,6,2,False,False,0
30.0,59400.38,HR,Nevada,True,2,0.07118412046543464,2024,12,4,True,False,0
30.0,64744.08,Admin,California,False,4,1.6043805612594113,2023,5,2,True,False,1
35.0,94399.91,Finance,California,True,3,4.476386036960986,2020,7,3,True,False,0
25.0,61310.74,HR,New York,True,2,3.5263518138261465,2021,6,2,False,False,0
30.0,98371.37,Cloud Tech,Texas,False,4,0.04380561259411362,2024,12,4,True,False,0
35.0,58921.19,Sales,Illinois,True,2,2.5845311430527036,2022,5,2,False,False,0
35.0,57195.55,Admin,Nevada,False,4,1.2566735112936345,2023,9,3,False,False,0
32.5,61375.12,DevOps,New York,True,4,0.14784394250513347,2024,11,4,True,False,0
40.0,104767.05,Cloud Tech,New York,False,4,3.132101300479124,2021,11,4,False,False,0
35.0,111051.67,Admin,Nevada,False,3,2.8501026694045173,2022,2,1,False,False,0
30.0,105674.18,Finance,California,False,3,0.3942505133470226,2024,8,3,False,False,1
30.0,54859.45,Finance,California,False,2,0.14784394250513347,2024,11,4,False,False,1
35.0,115746.6,Finance,Nevada,True,4,3.137577002053388,2021,11,4,True,False,0
30.0,91759.99,Sales,California,True,4,4.386036960985626,2020,8,3,False,False,0
40.0,112965.33,Sales,Illinois,False,3,2.836413415468857,2022,2,1,False,False,0
40.0,100360.1,Cloud Tech,Illinois,False,4,1.1444216290212184,2023,11,4,False,False,0
35.0,93620.88,Finance,Texas,False,3,3.143052703627652,2021,11,4,False,False,0
35.0,72832.8,Sales,California,True,4,2.704996577686516,2022,4,2,False,False,0
30.0,102369.42,Finance,Nevada,True,2,1.1964407939767283,2023,10,4,False,False,1
40.0,64712.79,Sales,Texas,True,4,3.3867214236824092,2021,8,3,False,False,1
40.0,85782.18,Finance,Florida,True,4,3.7973990417522243,2021,3,1,False,False,0
25.0,93348.26,HR,Illinois,False,1,1.4455852156057496,2023,7,3,False,False,0
35.0,53234.96,Admin,New York,False,3,4.856947296372348,2020,2,1,False,False,0
40.0,100284.21,Finance,Nevada,False,4,3.9041752224503763,2021,2,1,False,False,0
30.0,112486.19,Admin,Nevada,True,4,4.963723477070499,2020,1,1,False,False,0
40.0,82518.49,Admin,New York,True,1,2.0917180013689256,2022,11,4,False,False,0
40.0,119152.47,Admin,Florida,True,1,2.0177960301163584,2022,12,4,False,False,0
32.5,113479.83,DevOps,Illinois,False,3,0.33675564681724846,2024,8,3,True,False,1
40.0,94636.3,Finance,California,False,1,0.28473648186173856,2024,9,3,False,False,0
30.0,70000.97,HR,Florida,True,2,0.9938398357289527,2024,1,1,False,False,0
30.0,76812.47,Cloud Tech,New York,False,1,3.698836413415469,2021,4,2,True,False,0
25.0,82614.7,Finance,Florida,True,2,1.9520876112251881,2023,1,1,False,False,1
40.0,111645.97,Sales,Nevada,True,3,0.19164955509924708,2024,10,4,False,False,0
25.0,112414.91,HR,California,False,3,0.2108145106091718,2024,10,4,False,False,1
40.0,52031.74,Admin,California,True,3,2.272416153319644,2022,9,3,False,False,1
30.0,51887.65,Finance,New York,False,3,2.001368925393566,2022,12,4,False,False,0
25.0,82318.89,DevOps,Florida,True,3,0.13415468856947296,2024,11,4,False,False,0
35.0,103286.08,Admin,Florida,False,2,3.1019849418206706,2021,11,4,False,False,1
35.0,87759.33,Cloud Tech,Florida,False,2,0.7939767282683093,2024,3,1,False,False,0
30.0,102796.32,DevOps,Texas,False,3,4.769336071184121,2020,3,1,False,False,0
25.0,83149.27,Sales,New York,True,1,4.287474332648871,2020,9,3,False,False,0
40.0,92412.49,DevOps,California,True,4,4.054757015742642,2020,12,4,False,False,1
30.0,115022.1,HR,Texas,False,3,4.851471594798084,2020,2,1,False,False,0
40.0,98343.01,DevOps,New York,False,1,1.675564681724846,2023,4,2,False,False,0
35.0,118869.1,DevOps,Illinois,True,4,0.5311430527036276,2024,6,2,False,False,0
35.0,85417.26,Finance,Nevada,True,3,4.607802874743326,2020,5,2,True,False,1
40.0,112410.25,Cloud Tech,Florida,True,3,1.431895961670089,2023,7,3,False,False,1
40.0,68905.77,Admin,Nevada,False,2,1.3470225872689938,2023,8,3,False,False,0
40.0,72561.32,Finance,Nevada,True,4,3.490759753593429,2021,7,3,False,False,0
35.0,92723.22,Finance,New York,True,4,1.7987679671457906,2023,3,1,False,False,1
40.0,74837.75,HR,New York,False,1,3.805612594113621,2021,3,1,False,False,1
32.5,86163.91,DevOps,California,True,2,4.939082819986311,2020,1,1,True,False,0
40.0,83326.52,Finance,Illinois,True,2,1.1225188227241616,2023,11,4,False,False,0
25.0,98425.1,Cloud Tech,California,True,2,2.726899383983573,2022,4,2,False,False,0
40.0,119764.2,Sales,Illinois,False,2,2.6091718001368926,2022,5,2,False,False,1
40.0,58445.91,HR,California,False,4,3.701574264202601,2021,4,2,False,False,1
32.5,101702.33,DevOps,New York,False,4,3.780971937029432,2021,3,1,True,False,0
25.0,87358.27,Admin,California,False,3,2.97056810403833,2022,1,1,False,True,0
35.0,98819.22,Cloud Tech,Texas,False,3,3.356605065023956,2021,8,3,False,False,0
25.0,83509.99,Cloud Tech,Illinois,False,2,2.3627652292950034,2022,8,3,False,False,1
35.0,84422.26,Finance,Texas,False,2,2.74880219028063,2022,3,1,False,False,0
30.0,119574.27,Admin,Illinois,True,2,4.517453798767967,2020,6,2,False,False,1
30.0,86580.08,Sales,Illinois,True,3,0.6461327857631759,2024,5,2,True,False,0
35.0,93471.91,Sales,Florida,False,1,1.8069815195071868,2023,3,1,False,False,1
30.0,55683.12,DevOps,New York,True,1,1.2922655715263518,2023,9,3,False,False,1
30.0,91566.78,Cloud Tech,Florida,True,3,1.1307323750855578,2023,11,4,False,False,1
35.0,81782.19,DevOps,California,False,3,0.17522245037645448,2024,10,4,False,False,0
32.5,88119.37,DevOps,New York,True,3,4.350444900752909,2020,8,3,True,False,1
30.0,71532.83,Cloud Tech,Texas,True,3,0.5503080082135524,2024,6,2,False,False,0
40.0,98981.36,Cloud Tech,Florida,True,3,3.2908966461327855,2021,9,3,False,False,0
40.0,80242.01,Cloud Tech,Illinois,True,3,0.008213552361396304,2024,12,4,False,False,0
25.0,110236.18,Cloud Tech,New York,True,2,0.3066392881587953,2024,9,3,False,False,0
35.0,86327.47,Sales,Texas,False,2,2.3572895277207393,2022,8,3,False,False,0
30.0,84420.81,Sales,Florida,False,2,0.42984257357973993,2024,7,3,False,False,0
40.0,110041.32,HR,California,False,2,4.407939767282683,2020,8,3,False,False,0
35.0,81837.81,DevOps,Florida,True,3,4.788501026694045,2020,3,1,False,False,0
25.0,110855.72,Finance,Illinois,False,1,1.3086926762491444,2023,9,3,False,False,0
30.0,84894.52,Sales,California,True,4,0.7529089664613279,2024,3,1,False,False,0
30.0,80668.13,HR,Illinois,True,3,3.381245722108145,2021,8,3,False,False,0
25.0,61086.47,DevOps,Illinois,True,4,1.0157426420260096,2023,12,4,False,False,0
25.0,95339.68,Admin,Texas,True,1,4.336755646817249,2020,8,3,False,False,1
32.5,83774.97,DevOps,California,False,2,0.31485284052019163,2024,9,3,True,False,1
30.0,85576.86,Admin,Florida,False,1,1.6344969199178645,2023,5,2,True,False,0
35.0,107438.46,Finance,California,True,3,3.4962354551676933,2021,7,3,False,False,0
30.0,60401.68,Sales,Nevada,False,2,0.14236824093086928,2024,11,4,True,False,1
35.0,115299.66,Sales,Illinois,True,3,2.4421629021218343,2022,7,3,False,False,1
35.0,72272.34,Finance,New York,False,2,4.7501711156741955,2020,3,1,True,False,1
40.0,117537.71,DevOps,Nevada,False,4,2.217659137577002,2022,10,4,False,False,0
25.0,51074.33,Finance,Texas,True,4,2.433949349760438,2022,7,3,False,False,0
25.0,98489.32,Finance,California,False,4,1.5003422313483916,2023,6,2,False,False,1
35.0,112120.71,Finance,California,True,1,0.9664613278576317,2024,1,1,True,False,0
30.0,114465.04,Cloud Tech,New York,False,3,1.158110882956879,2023,11,4,True,False,0
40.0,57035.51,Cloud Tech,Nevada,True,1,0.10130047912388775,2024,11,4,False,False,0
25.0,75092.43,Cloud Tech,California,True,4,3.351129363449692,2021,8,3,False,False,0
35.0,62603.98,Finance,Illinois,False,3,0.5503080082135524,2024,6,2,True,False,0
32.5,60018.24,DevOps,New York,False,4,1.7248459958932238,2023,4,2,True,False,1
40.0,82567.73,HR,Nevada,True,1,0.48459958932238195,2024,7,3,False,False,0
25.0,94725.71,Finance,California,False,1,3.3182751540041067,2021,9,3,False,False,0
40.0,83824.56,HR,New York,False,1,0.2108145106091718,2024,10,4,False,False,1
30.0,118456.11,HR,Nevada,True,4,4.87337440109514,2020,2,1,True,False,1
25.0,113743.19,Sales,Nevada,True,3,4.720054757015743,2020,4,2,False,False,0
30.0,63309.24,Sales,California,False,3,1.4264202600958247,2023,7,3,False,False,0
25.0,105202.73,DevOps,Nevada,True,4,3.263518138261465,2021,9,3,False,False,0
30.0,79085.22,Cloud Tech,California,True,3,0.8049281314168378,2024,3,1,False,False,1
30.0,113983.43,Sales,California,True,4,3.5537303216974676,2021,6,2,True,False,0
35.0,102790.6,Cloud Tech,Florida,False,3,4.205338809034908,2020,10,4,False,False,0
30.0,68512.1,HR,Texas,False,2,4.917180013689254,2020,1,1,True,False,1
35.0,57584.23,Sales,Florida,True,2,2.9130732375085557,2022,1,1,False,False,0
30.0,95335.67,Sales,California,False,1,3.753593429158111,2021,3,1,True,False,0
35.0,53174.28,DevOps,Florida,True,2,4.210814510609172,2020,10,4,False,False,0
25.0,77205.21,Cloud Tech,New York,False,2,4.2354551676933605,2020,10,4,False,False,0
32.5,79041.92,DevOps,Nevada,True,2,0.030116358658453114,2024,12,4,True,False,0
35.0,75937.1,Finance,California,True,4,1.1252566735112937,2023,11,4,True,False,0
35.0,113118.73,Cloud Tech,Nevada,False,2,1.9411362080766599,2023,1,1,False,False,1
40.0,107693.38,HR,New York,True,2,0.24093086926762491,2024,10,4,False,False,0
30.0,119217.46,Cloud Tech,Texas,False,1,3.6303901437371664,2021,5,2,True,False,1
25.0,106913.71,Sales,New York,False,2,3.783709787816564,2021,3,1,False,False,0
30.0,87815.08,Cloud Tech,California,True,2,4.265571526351814,2020,9,3,True,False,0
25.0,105190.21,Admin,Texas,True,3,0.5667351129363449,2024,6,2,False,False,1
30.0,79467.24,HR,Texas,False,1,0.8350444900752909,2024,2,1,False,False,0
40.0,57633.78,Finance,California,True,1,1.6673511293634498,2023,4,2,False,False,0
30.0,54257.78,HR,Florida,True,1,4.82135523613963,2020,3,1,True,False,0
40.0,113679.06,DevOps,Texas,True,1,1.002053388090349,2023,12,4,False,False,1
35.0,69251.12,Sales,New York,True,1,4.287474332648871,2020,9,3,False,False,0
40.0,85388.58,Sales,Illinois,True,1,2.4503764544832305,2022,7,3,False,False,1
32.5,112166.37,DevOps,New York,False,4,2.4640657084188913,2022,7,3,True,False,1
40.0,79873.48,Finance,Nevada,False,2,3.241615331964408,2021,10,4,False,False,0
30.0,108224.03,DevOps,Florida,True,1,4.484599589322382,2020,7,3,False,False,0
35.0,116963.72,Admin,Illinois,True,2,1.7056810403832992,2023,4,2,False,False,0
40.0,114109.06,HR,Nevada,True,2,0.12867898699520877,2024,11,4,False,False,1
30.0,85518.88,HR,California,False,4,1.754962354551677,2023,3,1,True,False,0
30.0,58041.97,Cloud Tech,California,True,1,2.9349760438056127,2022,1,1,False,False,0
40.0,94988.94,Sales,Illinois,False,3,1.2101300479123889,2023,10,4,False,False,0
25.0,71628.93,Admin,California,False,4,0.7200547570157426,2024,4,2,False,False,0
30.0,54870.98,Admin,Illinois,False,3,2.74880219028063,2022,3,1,False,False,0
25.0,79388.27,DevOps,Illinois,True,2,2.8856947296372346,2022,2,1,False,False,0
35.0,55946.99,DevOps,California,False,2,1.6509240246406571,2023,5,2,False,False,0
30.0,81017.91,Cloud Tech,Nevada,True,4,3.468856947296372,2021,7,3,True,False,0
40.0,74162.1,HR,New York,False,4,4.355920602327173,2020,8,3,False,False,0
32.5,77668.44,DevOps,California,True,3,3.759069130732375,2021,3,1,True,False,0
30.0,67886.37,HR,New York,False,1,0.7091033538672142,2024,4,2,False,False,0
40.0,76614.52,DevOps,Florida,True,3,4.271047227926078,2020,9,3,False,False,0
25.0,51311.91,Finance,Nevada,False,4,2.5489390828199863,2022,6,2,False,False,0
35.0,94809.92,Finance,Illinois,True,3,1.0157426420260096,2023,12,4,True,False,1
25.0,108241.81,HR,New York,True,4,2.414784394250513,2022,7,3,False,False,0
40.0,78031.49,Cloud Tech,New York,True,3,1.6919917864476386,2023,4,2,False,False,1
35.0,85733.83,Admin,California,True,4,4.566735112936345,2020,6,2,False,False,0
35.0,60338.29,HR,Nevada,False,4,0.4243668720054757,2024,7,3,False,False,0
30.0,103140.67,Admin,Illinois,False,4,0.7337440109514032,2024,4,2,False,False,0
40.0,114690.8,Sales,Illinois,True,1,1.1772758384668036,2023,10,4,False,False,1
35.0,80954.56,Admin,Florida,False,3,2.3655030800821355,2022,8,3,False,False,0
30.0,71728.55,Cloud Tech,California,True,3,4.5804243668720055,2020,5,2,True,False,0
35.0,118415.8,HR,Texas,True,3,0.15058179329226556,2024,11,4,False,False,0
40.0,81481.36,Sales,Illinois,False,4,4.763860369609857,2020,3,1,False,False,0
35.0,117040.57,Sales,Florida,True,3,4.1505817932922655,2020,11,4,False,False,0
25.0,67342.06,Sales,Nevada,True,3,4.774811772758385,2020,3,1,False,False,0
30.0,76099.64,Sales,Illinois,False,4,2.954140999315537,2022,1,1,True,False,0
35.0,94162.06,DevOps,Illinois,True,2,0.5694729637234771,2024,6,2,False,False,0
25.0,67639.7,Sales,Nevada,True,4,3.403148528405202,2021,8,3,False,False,1
35.0,114172.25,Cloud Tech,Illinois,True,3,4.202600958247776,2020,10,4,False,False,0
30.0,89124.54,Sales,Nevada,True,4,3.2580424366872007,2021,9,3,False,False,0
30.0,113871.36,DevOps,Nevada,False,2,1.1526351813826146,2023,11,4,False,False,0
30.0,62618.4,HR,Texas,False,4,3.263518138261465,2021,9,3,True,False,1
30.0,70705.45,Admin,New York,False,3,4.561259411362081,2020,6,2,False,False,0
35.0,60797.69,Sales,New York,True,2,2.8829568788501025,2022,2,1,False,False,0
40.0,100371.0,Cloud Tech,Florida,True,1,1.2019164955509924,2023,10,4,False,False,1
40.0,117591.76,Admin,Illinois,False,3,3.260780287474333,2021,9,3,False,False,0
35.0,103860.7,DevOps,Illinois,True,2,2.406570841889117,2022,8,3,False,False,1
30.0,67500.22,Admin,Illinois,True,2,0.10130047912388775,2024,11,4,False,False,0
30.0,58727.44,Cloud Tech,Nevada,True,1,0.22176591375770022,2024,10,4,True,False,0
35.0,80623.08,Finance,Illinois,True,4,0.33675564681724846,2024,8,3,False,False,0
40.0,77751.78,HR,Texas,False,4,4.695414099931554,2020,4,2,False,False,1
25.0,115157.81,HR,New York,False,3,3.2087611225188226,2021,10,4,False,False,0
30.0,83071.85,Admin,Texas,False,1,0.34223134839151265,2024,8,3,False,False,1
40.0,67914.67,Sales,Texas,True,4,4.889801505817933,2020,2,1,False,False,0
25.0,53342.46,HR,New York,False,1,4.312114989733059,2020,9,3,False,False,1
25.0,51150.47,Cloud Tech,Florida,False,4,1.9904175222450375,2023,1,1,False,False,0
30.0,74697.12,HR,Florida,True,2,1.5468856947296372,2023,6,2,False,False,0
25.0,88085.74,Sales,California,True,4,2.0451745379876796,2022,12,4,False,False,0
40.0,118672.76,Finance,Texas,False,1,2.8254620123203287,2022,3,1,False,False,0
35.0,95997.31,Cloud Tech,California,False,2,0.8843258042436687,2024,2,1,False,False,0
30.0,106945.62,Cloud Tech,California,False,2,3.0965092402464065,2021,11,4,False,False,0
40.0,100123.15,DevOps,New York,False,2,4.640657084188912,2020,5,2,False,False,0
35.0,52933.42,Admin,Texas,True,1,0.02737850787132101,2024,12,4,False,False,0
35.0,95283.03,Finance,California,False,3,0.7720739219712526,2024,3,1,True,False,0
35.0,112264.06,HR,Texas,False,3,2.546201232032854,2022,6,2,False,False,1
35.0,75714.28,Admin,Florida,True,3,2.206707734428474,2022,10,4,False,False,0
25.0,92171.73,DevOps,Florida,False,1,2.5817932922655715,2022,5,2,False,False,0
35.0,70694.8,Cloud Tech,Texas,True,2,1.2895277207392197,2023,9,3,False,False,1
30.0,52964.86,DevOps,Florida,True,3,2.48870636550308,2022,7,3,False,False,1
35.0,116353.31,Finance,California,True,1,0.5585215605749486,2024,6,2,True,False,0
35.0,116695.26,Sales,Nevada,False,3,4.098562628336755,2020,11,4,False,False,0
25.0,95161.4,Admin,Texas,False,4,0.6297056810403833,2024,5,2,False,False,0
30.0,76040.94,Admin,Nevada,True,3,2.915811088295688,2022,1,1,True,False,1
30.0,69508.28,HR,Florida,False,3,1.352498288843258,2023,8,3,True,False,1
30.0,58243.27,Finance,Illinois,False,2,1.8453114305270362,2023,2,1,False,False,1
30.0,64012.48,Sales,California,True,1,2.242299794661191,2022,10,4,False,False,0
40.0,106735.93,Admin,Nevada,True,2,4.503764544832307,2020,6,2,False,False,1
35.0,70325.36,DevOps,Texas,False,2,1.9548254620123204,2023,1,1,False,False,0
30.0,118959.28,HR,Illinois,True,2,4.314852840520191,2020,9,3,False,False,0
40.0,75823.78,Cloud Tech,California,False,2,1.78507871321013,2023,3,1,False,False,0
30.0,119971.65,Cloud Tech,Texas,False,2,2.7624914442162902,2022,3,1,True,False,1
40.0,94963.7,Sales,Texas,False,3,3.216974674880219,2021,10,4,False,False,0
30.0,103744.71,Sales,Nevada,False,2,3.975359342915811,2021,1,1,False,False,0
25.0,61337.69,Sales,New York,True,2,4.071184120465435,2020,12,4,False,False,1
35.0,63741.13,Sales,California,True,1,3.589322381930185,2021,5,2,False,False,0
30.0,56539.99,DevOps,California,True,4,2.004106776180698,2022,12,4,False,False,0
30.0,73633.37,DevOps,Illinois,True,3,1.6016427104722792,2023,5,2,False,False,0
25.0,90373.99,Cloud Tech,Texas,False,3,0.6707734428473648,2024,4,2,False,False,0
32.5,93901.48,DevOps,Texas,False,3,0.010951403148528405,2024,12,4,True,False,1
40.0,81748.09,Admin,Nevada,True,2,3.326488706365503,2021,9,3,False,False,1
40.0,73813.48,Finance,Florida,False,2,3.8521560574948666,2021,2,1,False,False,1
35.0,89315.59,Finance,New York,False,2,2.108145106091718,2022,11,4,False,False,1
25.0,56776.82,HR,Florida,False,1,4.205338809034908,2020,10,4,False,False,0
35.0,72920.51,Finance,New York,True,4,0.432580424366872,2024,7,3,True,False,0
30.0,84913.18,Admin,Florida,True,2,2.3764544832306638,2022,8,3,False,False,0
25.0,65060.11,Finance,Illinois,True,4,3.6440793976728267,2021,5,2,False,False,1
35.0,82941.08,Finance,Illinois,False,1,1.2238193018480492,2023,10,4,False,False,0
40.0,103469.97,Admin,California,True,3,2.943189596167009,2022,1,1,False,False,0
25.0,88725.6,Sales,Illinois,True,2,2.9623545516769334,2022,1,1,False,False,0
30.0,58316.77,HR,Illinois,True,4,1.568788501026694,2023,6,2,True,False,0
35.0,60098.72,HR,Illinois,True,4,0.7611225188227242,2024,3,1,False,False,1
30.0,99951.43,Cloud Tech,Texas,True,2,4.227241615331964,2020,10,4,True,False,0
30.0,115195.81,Sales,Illinois,True,3,3.156741957563313,2021,11,4,False,False,0
32.5,85512.05,DevOps,California,False,3,3.1101984941820673,2021,11,4,True,False,0
30.0,73186.77,HR,Florida,False,3,2.9295003422313486,2022,1,1,True,False,0
30.0,51865.3,HR,Nevada,True,1,1.4674880219028064,2023,7,3,True,False,0
25.0,94031.77,Sales,Florida,True,4,2.0561259411362083,2022,12,4,False,False,0
30.0,116374.36,DevOps,New York,False,4,1.78507871321013,2023,3,1,False,False,0
40.0,98335.02,HR,Florida,False,4,2.6803559206023273,2022,4,2,False,False,0
25.0,89262.07,DevOps,New York,True,1,3.8329911019849416,2021,2,1,False,False,0
35.0,113848.69,Finance,California,True,4,2.4175222450376452,2022,7,3,True,False,0
35.0,69530.45,Sales,Florida,True,1,3.6139630390143735,2021,5,2,False,False,0
35.0,84230.22,DevOps,New York,True,3,1.0431211498973305,2023,12,4,False,False,0
35.0,76578.59,Cloud Tech,Illinois,False,2,1.949349760438056,2023,1,1,False,False,0
30.0,55532.06,HR,Texas,True,4,0.9911019849418207,2024,1,1,False,False,1
40.0,115311.68,Admin,New York,True,4,3.4743326488706368,2021,7,3,False,False,0
25.0,66972.06,Sales,Nevada,True,3,3.652292950034223,2021,5,2,False,False,0
30.0,100215.06,Cloud Tech,Texas,True,2,3.143052703627652,2021,11,4,False,False,1
25.0,115452.25,Sales,New York,False,1,1.3333333333333333,2023,8,3,False,False,1
30.0,54141.38,HR,California,False,2,1.374401095140315,2023,8,3,False,False,1
32.5,79251.95,DevOps,Nevada,False,3,4.01368925393566,2020,12,4,True,False,0
40.0,114822.78,Finance,New York,True,3,0.10403832991101986,2024,11,4,False,False,0
35.0,69919.32,Sales,Illinois,True,2,3.1156741957563314,2021,11,4,False,False,0
30.0,106616.97,Sales,Florida,False,1,3.915126625598905,2021,1,1,False,False,1
35.0,73597.85,DevOps,New York,True,1,0.865160848733744,2024,2,1,False,False,0
30.0,79939.23,Sales,Nevada,True,4,0.3586584531143053,2024,8,3,False,False,1
25.0,87358.27,Admin,New York,False,1,3.1813826146475015,2021,10,4,False,True,1
30.0,90772.25,Finance,California,False,2,3.3018480492813143,2021,9,3,False,False,1
35.0,58275.74,DevOps,New York,False,3,1.2511978097193703,2023,9,3,False,False,0
32.5,94709.79,DevOps,California,False,4,4.336755646817249,2020,8,3,True,False,0
30.0,60722.99,Admin,New York,True,4,2.3134839151266258,2022,9,3,True,False,0
40.0,87626.24,DevOps,Illinois,True,3,0.7474332648870636,2024,3,1,False,False,1
30.0,81272.36,DevOps,Illinois,False,1,2.0479123887748116,2022,12,4,False,False,0
30.0,64150.97,Cloud Tech,Texas,True,3,2.1601642710472277,2022,11,4,True,False,0
35.0,64378.1,Sales,Florida,False,1,1.1800136892539357,2023,10,4,False,False,0
35.0,85927.35,Finance,Texas,False,3,4.254620123203286,2020,9,3,True,False,1
35.0,51523.93,Finance,Nevada,True,2,0.9390828199863107,2024,1,1,True,False,1
30.0,74117.02,Sales,Texas,False,1,2.620123203285421,2022,5,2,False,False,0
25.0,62598.69,Finance,Texas,True,2,2.702258726899384,2022,4,2,False,False,1
35.0,55617.5,Finance,Florida,True,4,2.8884325804243667,2022,2,1,False,False,1
35.0,87018.98,Cloud Tech,New York,True,3,2.7926078028747434,2022,3,1,False,False,0
25.0,100336.58,Cloud Tech,California,True,4,1.218343600273785,2023,10,4,False,False,1
30.0,69295.48,Admin,Florida,False,4,4.125941136208077,2020,11,4,False,False,1
25.0,115536.66,DevOps,Florida,True,4,0.7008898015058179,2024,4,2,False,False,0
30.0,81250.87,Cloud Tech,Texas,False,4,4.80766598220397,2020,3,1,False,False,0
30.0,66403.75,DevOps,Texas,False,3,2.535249828884326,2022,6,2,False,False,1
30.0,114147.79,Sales,California,False,4,0.4216290212183436,2024,7,3,False,False,0
30.0,65472.99,HR,New York,False,3,2.0725530458590007,2022,12,4,False,False,0
30.0,97512.51,Sales,Nevada,True,3,1.483915126625599,2023,7,3,True,False,0
35.0,86712.41,DevOps,Nevada,True,2,0.5886379192334018,2024,5,2,False,False,1
30.0,87654.98,HR,Florida,False,1,0.7638603696098563,2024,3,1,False,False,0
35.0,89367.02,DevOps,New York,False,1,4.670773442847365,2020,4,2,False,False,1
40.0,95269.41,Admin,California,True,3,3.143052703627652,2021,11,4,False,False,0
25.0,68792.31,Sales,Nevada,False,2,4.706365503080082,2020,4,2,False,False,0
25.0,89119.53,Admin,Illinois,True,3,1.2292950034223136,2023,10,4,False,False,0
35.0,58212.13,Cloud Tech,New York,False,3,0.837782340862423,2024,2,1,False,False,0
30.0,77764.24,DevOps,Illinois,True,3,3.8494182067077345,2021,2,1,False,False,0
35.0,75148.17,Finance,Florida,False,2,1.3579739904175223,2023,8,3,False,False,0
40.0,108781.18,Cloud Tech,Nevada,False,1,0.7255304585900069,2024,4,2,False,False,1
35.0,65489.19,Finance,Texas,True,2,0.15058179329226556,2024,11,4,False,False,0
30.0,70663.46,Sales,Illinois,False,4,2.652977412731006,2022,5,2,True,False,0
40.0,95822.56,Sales,New York,False,2,1.9082819986310746,2023,2,1,False,False,1
40.0,82258.03,DevOps,Nevada,True,2,2.245037645448323,2022,10,4,False,False,0
30.0,62883.34,Admin,Nevada,False,2,2.2559890485968515,2022,9,3,False,False,0
30.0,103503.72,Cloud Tech,Texas,True,2,4.722792607802875,2020,4,2,True,False,0
25.0,85401.3,DevOps,New York,True,1,3.7700205338809036,2021,3,1,False,False,0
40.0,86618.37,Cloud Tech,Texas,False,4,1.9028062970568105,2023,2,1,False,True,0
30.0,98850.14,HR,Texas,False,1,0.4353182751540041,2024,7,3,True,False,0
25.0,63435.24,Cloud Tech,Illinois,False,1,3.6440793976728267,2021,5,2,False,False,0
35.0,82129.84,Finance,Texas,False,2,2.7186858316221767,2022,4,2,False,False,1
35.0,95492.61,DevOps,Texas,False,3,0.1834360027378508,2024,10,4,False,False,0
40.0,94572.37,Finance,Illinois,False,3,4.681724845995893,2020,4,2,False,False,1
40.0,118413.05,Finance,Nevada,False,1,1.8234086242299794,2023,3,1,False,False,1
30.0,68976.65,Admin,Nevada,True,1,2.329911019849418,2022,8,3,False,False,0
30.0,115013.65,Sales,Nevada,False,2,3.9890485968514717,2021,1,1,True,False,0
30.0,70949.38,Admin,Nevada,True,1,4.563997262149213,2020,6,2,True,False,1
30.0,105334.87,HR,Florida,False,2,4.210814510609172,2020,10,4,True,False,0
32.5,80596.18,DevOps,California,False,3,4.446269678302532,2020,7,3,True,False,0
30.0,72846.37,Sales,Illinois,True,3,0.6570841889117043,2024,5,2,True,False,1
40.0,80229.36,Admin,California,False,4,2.891170431211499,2022,2,1,False,False,0
25.0,55145.47,Sales,California,False,3,0.9965776865160849,2023,12,4,False,False,0
30.0,85837.98000000001,DevOps,Florida,True,1,2.973305954825462,2022,1,1,False,True,1
40.0,56110.81,HR,California,False,3,4.251882272416153,2020,9,3,False,False,0
25.0,56514.5,Cloud Tech,Texas,False,2,1.8863791923340179,2023,2,1,False,False,1
40.0,104541.84,Cloud Tech,California,False,3,2.8199863107460645,2022,3,1,False,False,1
30.0,61865.12,Sales,New York,True,4,2.861054072553046,2022,2,1,True,False,0
40.0,69317.33,Admin,Texas,False,3,2.5571526351813825,2022,6,2,False,False,0
35.0,84706.17,HR,New York,False,2,1.4893908281998631,2023,7,3,False,False,0
25.0,73255.21,Admin,California,False,2,2.7761806981519506,2022,3,1,False,False,0
40.0,59528.71,HR,Florida,False,1,1.6618754277891854,2023,5,2,False,False,0
40.0,70401.37,HR,New York,True,3,3.2060232717316905,2021,10,4,False,False,1
30.0,107154.62,Admin,California,True,2,3.4223134839151266,2021,7,3,True,False,1
30.0,97719.88,Admin,Illinois,False,4,3.9863107460643397,2021,1,1,True,False,0
30.0,107327.59,Finance,California,False,1,4.607802874743326,2020,5,2,False,False,0
40.0,67687.72,Admin,Nevada,True,4,3.6386036960985626,2021,5,2,False,False,1
40.0,90757.08,Cloud Tech,Florida,True,3,2.308008213552361,2022,9,3,False,False,0
30.0,87583.42,Cloud Tech,California,False,3,0.4407939767282683,2024,7,3,True,False,0
25.0,61643.69,Admin,Nevada,True,3,3.0034223134839153,2021,12,4,False,False,0
35.0,68111.69,Finance,Texas,False,1,4.4435318275154,2020,7,3,False,False,0
40.0,97568.88,HR,Florida,True,2,0.6652977412731006,2024,4,2,False,False,1
35.0,79118.28,Cloud Tech,Florida,True,1,3.3374401095140316,2021,8,3,False,False,0
30.0,104898.9,HR,California,True,4,2.4421629021218343,2022,7,3,False,False,1
40.0,81671.3,Cloud Tech,Florida,True,1,1.0896646132785763,2023,11,4,False,False,0
25.0,97399.75,Cloud Tech,California,False,4,4.383299110198494,2020,8,3,False,False,0
30.0,89189.43,Admin,Illinois,True,1,3.14031485284052,2021,11,4,True,False,0
40.0,96011.55,DevOps,New York,True,2,1.404517453798768,2023,8,3,False,False,0
40.0,99331.49,Sales,Florida,False,4,4.969199178644764,2020,1,1,False,False,1
30.0,72818.94,Cloud Tech,Illinois,True,3,2.943189596167009,2022,1,1,True,False,0
40.0,77204.75,Sales,Nevada,True,3,1.648186173853525,2023,5,2,False,False,1
35.0,106961.68,HR,Florida,False,1,4.027378507871321,2020,12,4,False,False,0
30.0,71923.0,Sales,Texas,True,3,4.243668720054757,2020,10,4,True,False,0
30.0,77192.43,HR,Nevada,False,4,2.130047912388775,2022,11,4,False,False,0
40.0,98540.3,Admin,Florida,False,3,1.9822039698836413,2023,1,1,False,False,0
30.0,63096.9,Admin,Florida,False,2,4.20807665982204,2020,10,4,True,False,1
35.0,107065.12,Cloud Tech,Florida,False,2,3.9014373716632442,2021,2,1,False,False,0
40.0,108792.43,DevOps,Florida,True,1,1.0130047912388775,2023,12,4,False,False,1
30.0,69239.7,Cloud Tech,New York,False,4,4.813141683778234,2020,3,1,True,False,1
40.0,85756.42,Sales,Nevada,True,2,1.9137577002053388,2023,1,1,False,False,1
30.0,100328.62,HR,Illinois,True,2,0.7337440109514032,2024,4,2,True,False,0
25.0,111236.69,DevOps,Nevada,True,4,3.326488706365503,2021,9,3,False,False,0
35.0,106832.22,Cloud Tech,Florida,True,3,0.6461327857631759,2024,5,2,False,False,0
32.5,59746.45,DevOps,Florida,True,3,1.541409993155373,2023,6,2,True,False,0
25.0,91780.04,Sales,California,True,1,3.4195756331279945,2021,7,3,False,False,0
35.0,107062.66,Sales,California,True,3,1.1854893908281998,2023,10,4,False,False,0
25.0,110625.52,HR,Nevada,True,4,1.0622861054072552,2023,12,4,False,False,0
30.0,90419.79,DevOps,Florida,True,2,4.1971252566735116,2020,10,4,False,False,1
40.0,111608.76,Finance,Texas,True,3,0.5393566050650239,2024,6,2,False,False,0
35.0,50173.12,Finance,Florida,False,1,1.73305954825462,2023,4,2,False,False,1
40.0,109507.44,DevOps,Nevada,False,3,2.9869952087611225,2022,1,1,False,False,0
30.0,72600.56,Finance,New York,False,4,3.490759753593429,2021,7,3,False,False,1
35.0,53388.65,Finance,California,True,1,0.7200547570157426,2024,4,2,True,False,0
25.0,50047.32,Cloud Tech,New York,False,3,2.43668720054757,2022,7,3,False,False,1
30.0,115290.79,DevOps,California,False,1,0.09308692676249145,2024,11,4,False,False,0
35.0,61586.76,Cloud Tech,California,False,4,1.3579739904175223,2023,8,3,False,False,0
30.0,56662.86,Finance,Nevada,True,2,1.0485968514715949,2023,12,4,False,False,0
30.0,86850.37,Sales,New York,True,4,1.1827515400410678,2023,10,4,False,True,0
25.0,54957.98,Finance,Nevada,True,4,2.316221765913758,2022,9,3,False,False,0
25.0,76790.47,HR,California,True,4,4.227241615331964,2020,10,4,False,False,1
30.0,92722.35,Cloud Tech,Illinois,False,4,4.947296372347707,2020,1,1,False,False,0
30.0,93125.32,DevOps,Nevada,False,2,2.6858316221765914,2022,4,2,False,False,0
25.0,101100.64,Cloud Tech,New York,False,2,1.6892539356605065,2023,4,2,False,False,0
35.0,55897.41,Admin,New York,False,1,1.379876796714579,2023,8,3,False,False,1
25.0,92484.88,DevOps,California,True,3,2.0917180013689256,2022,11,4,False,False,0
35.0,77011.99,DevOps,Texas,True,2,2.220396988364134,2022,10,4,False,False,0
30.0,77078.68,Cloud Tech,California,True,2,4.254620123203286,2020,9,3,True,False,1
35.0,82971.02,Sales,Nevada,False,3,0.7173169062286106,2024,4,2,False,False,0
25.0,65102.01,Sales,Texas,True,2,3.5263518138261465,2021,6,2,False,False,0
30.0,103697.7,HR,Nevada,True,4,2.184804928131417,2022,10,4,True,False,0
25.0,60687.63,DevOps,Illinois,False,4,1.541409993155373,2023,6,2,False,False,0
30.0,77351.21,Admin,New York,False,3,3.162217659137577,2021,10,4,True,False,0
35.0,66704.62,DevOps,Florida,True,1,0.24914442162902123,2024,9,3,False,False,0
25.0,71650.3,Finance,Illinois,True,1,4.687200547570157,2020,4,2,False,False,0
25.0,50794.54,Cloud Tech,Nevada,True,3,1.0622861054072552,2023,12,4,False,False,0
30.0,76030.86,Sales,Nevada,True,3,4.060232717316906,2020,12,4,True,False,1
25.0,86669.79,Cloud Tech,California,True,4,3.468856947296372,2021,7,3,False,False,1
40.0,84972.7,Finance,Illinois,True,1,4.684462696783025,2020,4,2,False,False,1
30.0,100594.49,HR,Texas,False,2,1.215605749486653,2023,10,4,False,False,0
25.0,75478.35,Cloud Tech,New York,False,4,2.349075975359343,2022,8,3,False,False,0
25.0,79355.85,Sales,Nevada,False,3,1.319644079397673,2023,9,3,False,False,0
35.0,58358.07,HR,Texas,True,1,2.9048596851471595,2022,2,1,False,False,0
30.0,54824.85,Admin,Illinois,False,2,2.746064339493498,2022,4,2,False,False,0
35.0,50557.84,HR,Texas,True,2,2.433949349760438,2022,7,3,False,False,0
30.0,118030.04,Admin,Florida,True,4,1.678302532511978,2023,4,2,True,False,1
30.0,51673.72,Admin,New York,False,1,2.6967830253251197,2022,4,2,True,False,0
35.0,101665.79,Cloud Tech,Nevada,True,1,0.23545516769336072,2024,10,4,False,False,1
30.0,118079.15,Admin,Florida,True,3,4.659822039698836,2020,5,2,True,False,1
25.0,99059.28,Cloud Tech,New York,False,1,2.6803559206023273,2022,4,2,False,False,0
30.0,107397.4,Cloud Tech,Illinois,False,1,1.4209445585215605,2023,7,3,True,False,0
40.0,68269.37,DevOps,New York,False,4,3.359342915811088,2021,8,3,False,False,0
35.0,55228.12,HR,Florida,True,1,3.685147159479808,2021,4,2,False,False,1
30.0,71982.33,Cloud Tech,New York,False,2,2.3819301848049284,2022,8,3,False,False,1
30.0,109673.75,Finance,California,False,4,3.509924709103354,2021,6,2,False,False,1
30.0,56384.9,Cloud Tech,New York,True,4,4.164271047227926,2020,10,4,True,False,1
40.0,68211.68,Sales,Texas,False,3,3.3182751540041067,2021,9,3,False,False,0
40.0,67489.68,Finance,Illinois,False,1,1.9110198494182067,2023,1,1,False,False,0
25.0,63869.31,Cloud Tech,Texas,False,3,4.262833675564682,2020,9,3,False,False,0
30.0,119801.3,Sales,California,True,2,4.87337440109514,2020,2,1,True,False,0
30.0,115959.65,Cloud Tech,California,True,4,4.75564681724846,2020,3,1,False,False,0
40.0,79866.48,Finance,Texas,True,4,1.163586584531143,2023,10,4,False,False,1
35.0,92987.46,HR,Florida,True,4,4.802190280629706,2020,3,1,False,False,0
40.0,56140.51,Finance,Illinois,False,2,4.654346338124572,2020,5,2,False,False,1
30.0,119586.11,DevOps,Illinois,True,2,1.45927446954141,2023,7,3,False,False,0
40.0,104700.46,DevOps,California,True,3,1.9411362080766599,2023,1,1,False,False,1
40.0,91798.14,HR,New York,False,3,3.2060232717316905,2021,10,4,False,False,0
25.0,90879.22,Finance,Illinois,False,3,0.6954140999315537,2024,4,2,False,False,1
25.0,87358.27,Admin,Nevada,False,1,3.5017111567419574,2021,6,2,False,False,0
30.0,119407.93,Sales,Florida,True,4,0.29021218343600275,2024,9,3,False,False,1
30.0,113978.6,HR,Nevada,True,4,2.9842573579739904,2022,1,1,True,False,0
30.0,108568.78,Sales,New York,True,3,3.9397672826830936,2021,1,1,True,False,0
30.0,56318.02,HR,New York,False,4,4.783025325119781,2020,3,1,True,False,1
25.0,114252.73,Sales,Florida,False,3,3.134839151266256,2021,11,4,False,False,0
35.0,51533.9,DevOps,New York,True,1,4.662559890485968,2020,5,2,False,False,1
25.0,99317.66,Sales,California,False,1,2.8993839835728954,2022,2,1,False,False,0
35.0,101264.64,HR,California,False,2,4.112251882272417,2020,11,4,False,False,0
35.0,112272.02,Admin,Nevada,False,1,1.106091718001369,2023,11,4,False,False,0
30.0,71477.63,DevOps,Illinois,True,3,2.8747433264887063,2022,2,1,False,False,0
30.0,77412.1,DevOps,Texas,False,1,1.782340862422998,2023,3,1,False,False,0
30.0,94775.27,Sales,California,False,2,3.756331279945243,2021,3,1,False,False,0
30.0,74276.71,HR,Nevada,True,4,3.6605065023956196,2021,5,2,False,False,0
35.0,67467.86,Finance,Texas,True,3,3.8193018480492813,2021,3,1,False,False,1
25.0,80675.41,DevOps,Texas,False,4,2.830937713894593,2022,3,1,False,False,0
40.0,76274.33,Finance,Florida,False,2,1.9329226557152634,2023,1,1,False,False,1
30.0,51405.46,Finance,Texas,True,2,3.3429158110882957,2021,8,3,False,False,0
25.0,101238.96,HR,New York,True,2,4.093086926762491,2020,11,4,False,False,1
35.0,52169.52,Sales,Illinois,False,4,1.0458590006844628,2023,12,4,False,False,1
35.0,73176.62,Finance,New York,False,4,4.427104722792608,2020,7,3,True,False,0
32.5,96241.85,DevOps,Nevada,False,4,3.5071868583162216,2021,6,2,True,False,0
25.0,84366.38,Finance,Illinois,False,4,0.28473648186173856,2024,9,3,False,False,0
40.0,92015.09,Cloud Tech,California,True,2,1.4893908281998631,2023,7,3,False,False,0
30.0,83149.95,Admin,Nevada,False,2,4.5366187542778915,2020,6,2,False,False,1
40.0,94930.65,Finance,Nevada,False,3,4.484599589322382,2020,7,3,False,False,1
40.0,68430.72,HR,New York,True,3,4.744695414099931,2020,4,2,False,False,1
35.0,98752.97,Sales,Texas,False,4,0.7775496235455168,2024,3,1,False,False,0
35.0,54268.86,Finance,Illinois,True,1,1.891854893908282,2023,2,1,True,False,0
32.5,66494.94,DevOps,Florida,False,1,0.05201916495550993,2024,12,4,True,False,0
25.0,90003.98,Sales,Illinois,False,2,0.5065023956194388,2024,6,2,False,False,0
25.0,106592.25,Finance,New York,True,2,3.808350444900753,2021,3,1,False,False,0
25.0,93905.83,DevOps,Florida,True,2,0.38329911019849416,2024,8,3,False,False,0
35.0,88945.49,DevOps,Texas,False,3,2.8199863107460645,2022,3,1,False,False,0
35.0,91130.33,Finance,Texas,False,3,1.5003422313483916,2023,6,2,True,False,0
40.0,90787.4,Admin,New York,False,2,1.6974674880219027,2023,4,2,False,False,0
25.0,87494.34,Sales,Texas,True,2,0.13141683778234087,2024,11,4,False,False,1
35.0,92627.35,Finance,Nevada,False,2,1.787816563997262,2023,3,1,False,False,1
40.0,98556.29,Admin,Illinois,True,1,1.1772758384668036,2023,10,4,False,False,0
30.0,112792.2,Cloud Tech,Nevada,True,3,3.488021902806297,2021,7,3,False,False,1
35.0,56875.22,HR,Florida,False,1,1.1553730321697468,2023,11,4,False,False,0
35.0,101015.96,DevOps,Florida,True,1,3.485284052019165,2021,7,3,False,False,1
30.0,83912.22,Finance,New York,False,2,0.840520191649555,2024,2,1,False,False,1
25.0,99669.86,Sales,New York,False,2,3.249828884325804,2021,9,3,False,False,0
30.0,52314.97,Admin,New York,False,4,3.597535934291581,2021,5,2,False,False,0
30.0,77785.96,HR,California,False,4,2.16290212183436,2022,10,4,False,False,1
30.0,62430.86,HR,Florida,False,1,2.4941820670773445,2022,7,3,False,False,0
35.0,98219.54,Admin,California,True,3,0.33675564681724846,2024,8,3,False,False,0
25.0,65494.58,Admin,Illinois,True,2,0.188911704312115,2024,10,4,False,False,0
35.0,110524.1,DevOps,Florida,False,2,4.8815879534565365,2020,2,1,False,False,0
40.0,106060.54,Admin,Nevada,False,1,1.623545516769336,2023,5,2,False,False,0
35.0,67639.91,Finance,Florida,True,4,2.4202600958247777,2022,7,3,False,False,1
30.0,117653.98,Cloud Tech,Texas,True,3,1.2813141683778233,2023,9,3,True,False,0
35.0,73539.86,DevOps,Texas,True,4,4.63791923340178,2020,5,2,False,False,1
35.0,70915.38,HR,Nevada,True,4,1.3415468856947297,2023,8,3,False,False,0
25.0,97652.9,Sales,Florida,False,4,3.2032854209445585,2021,10,4,False,False,0
35.0,101571.25,HR,Florida,False,4,2.817248459958932,2022,3,1,False,False,1
35.0,87424.46,DevOps,Nevada,True,2,1.1471594798083504,2023,11,4,False,False,0
30.0,89077.36,HR,New York,False,2,0.07939767282683094,2024,11,4,True,False,0
30.0,89132.22,DevOps,California,True,4,0.46269678302532513,2024,7,3,False,False,0
25.0,111000.26,Admin,California,False,3,0.8213552361396304,2024,3,1,False,False,0
35.0,109584.97,HR,Illinois,True,1,2.3956194387405887,2022,8,3,False,False,1
40.0,97648.84,Admin,Illinois,False,3,0.13141683778234087,2024,11,4,False,False,0
25.0,78643.43,Admin,New York,True,3,3.07460643394935,2021,12,4,False,False,0
30.0,55656.8,HR,Nevada,True,3,0.6269678302532512,2024,5,2,False,False,0
35.0,69146.95,DevOps,Texas,False,4,2.461327857631759,2022,7,3,False,False,0
30.0,93013.58,Admin,Florida,True,2,4.268309377138946,2020,9,3,True,False,0
40.0,87364.78,Finance,Florida,False,3,4.783025325119781,2020,3,1,False,False,0
35.0,50288.67,Sales,New York,False,4,1.2019164955509924,2023,10,4,False,False,0
35.0,85233.55,HR,New York,True,3,2.844626967830253,2022,2,1,False,False,0
25.0,86420.19,HR,California,False,3,0.9144421629021219,2024,1,1,False,False,1
30.0,63189.82,HR,Florida,False,4,0.7885010266940452,2024,3,1,False,False,1
25.0,64783.32,Admin,New York,False,2,4.26009582477755,2020,9,3,False,False,0
25.0,52615.44,HR,Nevada,False,2,0.5530458590006845,2024,6,2,False,False,0
30.0,96337.89,Sales,Texas,False,1,4.725530458590007,2020,4,2,True,False,0
25.0,76617.76,DevOps,Texas,True,4,2.5051334702258727,2022,6,2,False,False,1
30.0,50651.32,Admin,Nevada,False,1,1.462012320328542,2023,7,3,False,False,0
30.0,59601.45,HR,Illinois,False,1,1.0650239561943875,2023,12,4,True,False,0
32.5,57980.88,DevOps,Illinois,False,1,3.4113620807665983,2021,8,3,True,False,0
30.0,75054.53,Admin,California,False,2,3.863107460643395,2021,2,1,True,False,0
25.0,115318.7,Sales,Florida,False,4,1.136208076659822,2023,11,4,False,False,0
25.0,90190.69,DevOps,Texas,True,1,0.31211498973305957,2024,9,3,False,False,0
30.0,113334.56,Cloud Tech,Nevada,False,4,4.427104722792608,2020,7,3,True,False,0
35.0,106922.49,HR,Florida,True,4,4.435318275154004,2020,7,3,False,False,0
35.0,58113.07,DevOps,California,True,2,0.8542094455852156,2024,2,1,False,False,1
25.0,73006.26,Admin,Nevada,True,1,4.03832991101985,2020,12,4,False,False,0
25.0,78054.43,HR,California,True,1,4.355920602327173,2020,8,3,False,False,0
40.0,112028.67,DevOps,Florida,False,4,1.3579739904175223,2023,8,3,False,False,1
25.0,83787.24,Admin,Texas,True,3,1.6837782340862424,2023,4,2,False,False,1
30.0,52017.14,Sales,Florida,True,2,1.566050650239562,2023,6,2,False,False,1
40.0,53218.06,Finance,Texas,False,2,2.524298425735797,2022,6,2,False,False,1
25.0,102053.67,DevOps,Nevada,False,2,0.6926762491444216,2024,4,2,False,False,0
35.0,93276.73,Sales,Illinois,False,2,1.0677618069815196,2023,12,4,False,False,0
40.0,76941.36,HR,Nevada,True,1,1.3990417522245038,2023,8,3,False,False,0
25.0,82850.23,DevOps,New York,False,1,0.23545516769336072,2024,10,4,False,False,0
25.0,117910.15,Finance,California,False,3,3.14031485284052,2021,11,4,False,False,0
32.5,66450.0,DevOps,Florida,True,2,0.4134154688569473,2024,7,3,True,False,1
25.0,118646.95,Finance,Florida,False,2,4.328542094455853,2020,8,3,False,False,1
25.0,88436.92,Finance,Florida,False,4,1.8699520876112252,2023,2,1,False,False,0
30.0,81934.55,Sales,New York,False,1,1.2292950034223136,2023,10,4,True,False,0
30.0,93383.06,Finance,California,False,2,0.6926762491444216,2024,4,2,False,False,0
40.0,50153.79,Cloud Tech,Texas,True,3,3.7508555783709787,2021,3,1,False,False,0
30.0,53204.47,Sales,California,False,3,4.399726214921286,2020,8,3,True,False,0
40.0,63128.04,Cloud Tech,California,False,1,3.89596167008898,2021,2,1,False,False,0
30.0,57543.6,Finance,New York,True,3,3.0992470910335386,2021,11,4,False,False,0
40.0,59424.52,Finance,Nevada,False,3,2.1683778234086244,2022,10,4,False,False,0
35.0,104675.7,Finance,Illinois,True,1,2.1437371663244353,2022,11,4,True,False,1
30.0,92431.25,Cloud Tech,Florida,False,2,1.6290212183436004,2023,5,2,False,False,0
40.0,77850.9,Sales,Nevada,True,2,3.460643394934976,2021,7,3,False,False,0
40.0,99001.0,Admin,New York,True,3,1.6180698151950719,2023,5,2,False,False,1
30.0,94280.83,HR,Nevada,True,3,1.891854893908282,2023,2,1,True,False,0
35.0,118262.56,DevOps,New York,True,2,1.3497604380561259,2023,8,3,False,False,0
25.0,89944.67,HR,Illinois,False,1,1.727583846680356,2023,4,2,False,False,1
30.0,57452.93,HR,Florida,True,3,2.0643394934976045,2022,12,4,True,False,0
25.0,97837.32,Admin,California,False,4,3.3894592744695413,2021,8,3,False,False,0
35.0,106981.84,Admin,Illinois,True,1,2.9842573579739904,2022,1,1,False,False,0
35.0,105778.36,Finance,New York,True,3,0.5968514715947981,2024,5,2,True,False,0
40.0,117608.32,Finance,Florida,True,3,3.241615331964408,2021,10,4,False,False,0
30.0,99324.03,Sales,Florida,False,4,1.4428473648186173,2023,7,3,False,False,0
30.0,55212.83,HR,Florida,True,4,1.1663244353182751,2023,10,4,False,False,0
40.0,68496.77,Cloud Tech,Florida,False,2,1.8754277891854894,2023,2,1,False,False,1
25.0,52795.84,HR,Florida,False,1,4.125941136208077,2020,11,4,False,False,0
32.5,90087.39,DevOps,California,False,1,0.5667351129363449,2024,6,2,True,False,1
30.0,105038.08,Admin,New York,False,2,4.61327857631759,2020,5,2,True,False,0
25.0,73231.85,HR,New York,False,1,1.2758384668035592,2023,9,3,False,False,0
30.0,102649.36,Sales,Florida,False,1,0.37782340862423,2024,8,3,True,False,0
35.0,114302.51,Finance,New York,False,1,1.5550992470910336,2023,6,2,False,False,0
35.0,87816.61,Finance,Texas,False,1,3.5564681724845997,2021,6,2,False,False,1
30.0,70750.38,Sales,Florida,False,1,4.7501711156741955,2020,3,1,True,False,1
30.0,86618.37,Cloud Tech,Texas,True,4,0.6598220396988365,2024,5,2,True,True,0
30.0,97978.36,DevOps,Nevada,True,1,0.14510609171800137,2024,11,4,False,False,0
32.5,107172.8,DevOps,Nevada,True,4,1.3689253935660506,2023,8,3,True,False,1
25.0,56126.46,Finance,Nevada,True,1,4.783025325119781,2020,3,1,False,False,1
30.0,78534.29,Cloud Tech,Illinois,True,2,3.5455167693360714,2021,6,2,True,False,0
40.0,85518.88,HR,Texas,False,3,1.2210814510609171,2023,10,4,False,True,1
30.0,114963.34,Cloud Tech,Nevada,False,4,2.9897330595482545,2022,1,1,True,False,0
30.0,77657.93,Cloud Tech,California,False,1,2.855578370978782,2022,2,1,True,False,1
30.0,77369.48,Sales,New York,False,2,0.8076659822039699,2024,3,1,False,False,0
30.0,76119.14,HR,Nevada,False,3,1.3634496919917864,2023,8,3,False,False,0
25.0,77585.72,Cloud Tech,Texas,False,4,1.6509240246406571,2023,5,2,False,False,0
35.0,74069.62,Admin,Nevada,False,3,0.9253935660506503,2024,1,1,False,False,0
30.0,67691.92,Admin,New York,True,2,0.31485284052019163,2024,9,3,False,False,0
35.0,70345.69,Finance,Nevada,True,4,4.58590006844627,2020,5,2,True,False,0
30.0,74999.69,DevOps,Illinois,True,3,3.14031485284052,2021,11,4,False,False,1
25.0,72245.02,HR,Illinois,True,1,3.909650924024641,2021,1,1,False,False,0
30.0,106538.98,Admin,Illinois,False,4,2.951403148528405,2022,1,1,True,False,0
25.0,101787.14,HR,New York,False,3,1.002053388090349,2023,12,4,False,False,0
30.0,83596.78,DevOps,Nevada,False,2,0.07392197125256673,2024,12,4,False,False,1
40.0,92463.94,Sales,Texas,True,2,1.374401095140315,2023,8,3,False,False,0
30.0,93863.32,Admin,California,False,4,0.024640657084188913,2024,12,4,True,False,0
32.5,78359.41,DevOps,Texas,False,3,1.7494866529774127,2023,3,1,True,False,0
30.0,95773.57,HR,Illinois,False,4,2.349075975359343,2022,8,3,True,False,0
30.0,82529.08,Sales,Nevada,True,4,4.243668720054757,2020,10,4,False,False,1
35.0,109358.73,Sales,Texas,False,3,3.6550308008213555,2021,5,2,False,False,0
30.0,89645.01,Admin,Florida,True,3,3.991786447638604,2021,1,1,True,False,0
40.0,84134.95,HR,Texas,True,1,0.7255304585900069,2024,4,2,False,False,0
30.0,113540.83,Cloud Tech,Nevada,True,3,2.0917180013689256,2022,11,4,False,False,0
40.0,57225.75,Cloud Tech,Texas,True,2,3.1786447638603694,2021,10,4,False,False,0
35.0,76366.17,Sales,Illinois,False,4,4.0191649555099245,2020,12,4,False,False,0
30.0,78408.95,HR,Florida,True,4,2.099931553730322,2022,11,4,True,False,0
40.0,111742.4,Finance,Illinois,True,2,2.1820670773442847,2022,10,4,False,False,0
25.0,60516.83,Sales,Nevada,False,3,3.808350444900753,2021,3,1,False,False,1
30.0,83706.17,Finance,California,False,2,4.358658453114305,2020,8,3,False,False,0
30.0,67056.92,Admin,Nevada,True,2,4.870636550308008,2020,2,1,True,False,1
30.0,90058.85,DevOps,Illinois,False,1,0.0,2024,12,4,False,False,0
30.0,94633.59,Sales,Florida,True,2,1.834360027378508,2023,2,1,False,False,0
25.0,110711.17,Admin,Florida,True,4,2.351813826146475,2022,8,3,False,False,0
30.0,96175.41,Admin,Illinois,True,2,1.5003422313483916,2023,6,2,True,False,0
40.0,76474.79,Sales,Illinois,True,4,3.707049965776865,2021,4,2,False,False,0
30.0,107855.99,Sales,Illinois,False,4,2.642026009582478,2022,5,2,False,False,0
40.0,104870.78,Sales,Illinois,True,4,0.07392197125256673,2024,12,4,False,False,0
25.0,83516.345,Finance,Nevada,False,3,1.6125941136208077,2023,5,2,False,True,0
35.0,87087.16,Finance,California,False,1,1.0841889117043122,2023,11,4,True,False,0
40.0,108603.34,HR,Illinois,False,4,0.7255304585900069,2024,4,2,False,False,0
30.0,55867.23,HR,Florida,False,4,0.17796030116358658,2024,10,4,False,False,0
35.0,105259.57,Admin,Texas,True,3,0.8268309377138946,2024,3,1,False,False,0
30.0,98143.67,Cloud Tech,Florida,False,4,3.8439425051334704,2021,2,1,True,False,0
25.0,67754.29,Admin,Florida,True,2,1.7138945927446954,2023,4,2,False,False,0
30.0,77821.79,HR,Illinois,False,2,1.1800136892539357,2023,10,4,True,False,1
30.0,67764.44,HR,Illinois,False,1,2.2833675564681726,2022,9,3,False,False,0
40.0,102346.99,DevOps,New York,True,4,4.328542094455853,2020,8,3,False,False,0
25.0,73690.65,Admin,Illinois,True,3,0.5886379192334018,2024,5,2,False,False,1
30.0,56376.2,Finance,Nevada,True,2,0.48459958932238195,2024,7,3,False,False,0
25.0,55602.78,Cloud Tech,California,False,3,2.915811088295688,2022,1,1,False,False,0
40.0,99812.41,Sales,Nevada,False,3,3.3894592744695413,2021,8,3,False,False,0
40.0,95981.9,Finance,Texas,True,2,0.2272416153319644,2024,10,4,False,False,0
30.0,98891.48,Cloud Tech,Illinois,True,3,2.102669404517454,2022,11,4,False,False,0
35.0,56079.0,Admin,Nevada,True,2,4.112251882272417,2020,11,4,False,False,0
35.0,85837.98000000001,DevOps,Florida,True,3,1.7084188911704312,2023,4,2,False,True,1
25.0,89137.97,Sales,California,False,2,0.34223134839151265,2024,8,3,False,False,0
35.0,115079.97,Admin,Illinois,True,4,2.4449007529089664,2022,7,3,False,False,0
30.0,55067.02,Finance,Illinois,True,1,1.8617385352498288,2023,2,1,False,False,0
30.0,98593.43,HR,Illinois,True,2,3.592060232717317,2021,5,2,True,False,0
30.0,112756.67,HR,Florida,True,2,2.412046543463381,2022,8,3,False,False,0
25.0,105205.92,HR,Texas,False,1,1.4428473648186173,2023,7,3,False,False,1
35.0,50680.62,Finance,California,True,2,1.9904175222450375,2023,1,1,False,False,0
35.0,107475.23,Cloud Tech,Florida,False,2,0.7967145790554415,2024,3,1,False,False,0
40.0,68835.3,HR,California,True,3,1.7796030116358659,2023,3,1,False,False,0
40.0,66943.96,DevOps,New York,True,1,0.8706365503080082,2024,2,1,False,False,0
30.0,104525.69,Admin,Illinois,False,4,4.120465434633813,2020,11,4,False,False,1
40.0,109360.74,Sales,Texas,True,2,4.758384668035592,2020,3,1,False,False,0
40.0,118907.63,Sales,California,False,1,3.969883641341547,2021,1,1,False,False,1
40.0,86801.48,Admin,Illinois,False,3,4.692676249144422,2020,4,2,False,False,0
30.0,62236.03,HR,Florida,True,4,0.6433949349760438,2024,5,2,True,False,0
35.0,64752.67,DevOps,Texas,False,1,1.215605749486653,2023,10,4,False,False,0
35.0,68399.43,Sales,California,False,4,1.919233401779603,2023,1,1,False,False,0
35.0,79336.51,Admin,Florida,False,4,3.813826146475017,2021,3,1,False,False,1
40.0,59179.74,HR,Florida,False,4,1.7905544147843941,2023,3,1,False,False,0
25.0,80255.31,DevOps,California,False,2,1.8809034907597535,2023,2,1,False,False,0
30.0,84971.85,Finance,Texas,False,2,2.631074606433949,2022,5,2,False,False,0
40.0,89748.42,HR,California,False,3,0.1806981519507187,2024,10,4,False,False,0
25.0,94090.35,Admin,California,False,3,0.29021218343600275,2024,9,3,False,False,1
35.0,115229.12,HR,California,True,1,1.8699520876112252,2023,2,1,False,False,0
40.0,63927.07,Cloud Tech,California,True,3,1.5989048596851472,2023,5,2,False,False,0
35.0,84124.56,HR,California,False,4,2.132785763175907,2022,11,4,False,False,0
40.0,116961.61,Sales,California,True,4,1.4537987679671458,2023,7,3,False,False,1
40.0,109423.05,DevOps,Illinois,False,2,2.726899383983573,2022,4,2,False,False,0
35.0,70394.94,Admin,California,False,4,1.3333333333333333,2023,8,3,False,False,1
35.0,86465.5,Finance,California,True,1,1.702943189596167,2023,4,2,False,False,0
30.0,96341.58,Cloud Tech,New York,False,4,3.679671457905544,2021,4,2,False,False,0
30.0,54465.47,Admin,Florida,False,4,4.459958932238193,2020,7,3,False,False,0
25.0,68371.66,Finance,Illinois,False,1,4.413415468856948,2020,7,3,False,False,0
35.0,81021.23,Admin,New York,False,3,3.403148528405202,2021,8,3,False,False,0
25.0,114069.07,Cloud Tech,Nevada,True,3,0.1697467488021903,2024,10,4,False,False,1
30.0,117867.96,HR,Illinois,False,1,4.238193018480493,2020,10,4,True,False,1
30.0,94509.58,Sales,Florida,False,2,0.7967145790554415,2024,3,1,True,False,0
35.0,56268.78,Finance,Illinois,False,4,0.48186173853524983,2024,7,3,False,False,0
35.0,86632.14,Admin,California,True,1,4.993839835728953,2020,1,1,False,False,0
35.0,98143.9,HR,Florida,False,4,4.947296372347707,2020,1,1,False,False,0
35.0,86618.37,Cloud Tech,Florida,True,2,1.648186173853525,2023,5,2,False,True,1
30.0,67492.73,Finance,Illinois,True,4,2.7816563997262147,2022,3,1,False,False,1
40.0,93772.61,Admin,California,False,1,2.628336755646817,2022,5,2,False,False,0
35.0,68817.54,DevOps,Nevada,False,4,0.459958932238193,2024,7,3,False,False,0
30.0,81874.01,Admin,California,True,3,1.4236824093086926,2023,7,3,False,False,0
30.0,117880.14,HR,Texas,False,2,4.717316906228611,2020,4,2,False,False,0
35.0,100897.49,HR,New York,True,2,2.537987679671458,2022,6,2,False,False,0
25.0,71810.37,Finance,New York,True,2,2.639288158795346,2022,5,2,False,False,1
40.0,109048.24,DevOps,Texas,False,1,4.544832306639288,2020,6,2,False,False,1
35.0,62712.26,Finance,Texas,False,2,2.3600273785078714,2022,8,3,False,False,0
40.0,76935.85,Cloud Tech,Texas,True,3,3.600273785078713,2021,5,2,False,False,0
25.0,56577.22,Admin,Florida,True,1,0.6735112936344969,2024,4,2,False,False,0
40.0,61102.8,Finance,Nevada,True,3,3.184120465434634,2021,10,4,False,False,1
35.0,75229.87,Finance,Nevada,True,4,3.8822724161533197,2021,2,1,False,False,1
25.0,51054.74,Admin,Nevada,False,4,3.1759069130732374,2021,10,4,False,False,1
40.0,104843.27,Admin,Texas,False,4,1.7357973990417521,2023,4,2,False,False,0
35.0,56398.11,Cloud Tech,New York,False,4,2.193018480492813,2022,10,4,False,False,0
25.0,87544.73,HR,Nevada,False,3,1.0622861054072552,2023,12,4,False,False,0
30.0,74312.24,HR,Illinois,False,1,0.7529089664613279,2024,3,1,False,False,0
25.0,59431.25,DevOps,Florida,True,1,0.9336071184120466,2024,1,1,False,False,1
40.0,84306.44,Sales,California,False,2,1.0869267624914443,2023,11,4,False,False,0
35.0,108194.47,DevOps,Florida,False,3,0.13141683778234087,2024,11,4,False,False,1
25.0,107359.3,Sales,New York,False,4,3.3374401095140316,2021,8,3,False,False,1
25.0,85837.98000000001,DevOps,Illinois,False,3,0.8815879534565366,2024,2,1,False,True,1
30.0,96080.26,Admin,California,False,2,4.640657084188912,2020,5,2,True,False,0
30.0,88602.75,Sales,Nevada,True,2,0.7008898015058179,2024,4,2,False,False,1
40.0,86624.04,DevOps,California,True,3,4.454483230663929,2020,7,3,False,False,0
30.0,63413.16,Cloud Tech,New York,True,3,2.272416153319644,2022,9,3,False,False,0
40.0,67915.7,Sales,Illinois,False,3,1.6865160848733745,2023,4,2,False,False,0
25.0,108245.44,Admin,Nevada,True,1,0.0054757015742642025,2024,12,4,False,False,1
35.0,75834.81,Sales,Nevada,True,4,0.3860369609856263,2024,8,3,False,False,1
30.0,71273.32,Cloud Tech,Nevada,False,3,0.31759069130732376,2024,9,3,True,False,0
25.0,63262.23,DevOps,New York,False,3,2.833675564681725,2022,2,1,False,False,0
32.5,89069.91,DevOps,New York,False,3,0.7939767282683093,2024,3,1,True,False,0
40.0,57287.17,DevOps,Nevada,True,2,0.04380561259411362,2024,12,4,False,False,1
30.0,119890.35,HR,Nevada,True,2,2.001368925393566,2022,12,4,True,False,0
35.0,103492.91,Sales,California,False,1,2.6830937713894594,2022,4,2,False,False,1
30.0,76254.42,Admin,Illinois,False,4,3.7946611909650922,2021,3,1,True,False,0
35.0,100841.93,Finance,Florida,True,1,4.993839835728953,2020,1,1,False,False,1
30.0,118907.61,Admin,California,True,4,3.3100616016427105,2021,9,3,True,False,0
25.0,88942.62,DevOps,California,False,2,2.127310061601643,2022,11,4,False,False,0
25.0,59688.57,Cloud Tech,Florida,False,2,4.120465434633813,2020,11,4,False,False,1
30.0,77985.88,HR,California,True,2,1.7960301163586585,2023,3,1,False,False,0
35.0,112931.69,Finance,New York,False,1,0.36413415468856947,2024,8,3,False,False,1
32.5,106583.88,DevOps,California,True,3,0.8980150581793293,2024,2,1,True,False,0
35.0,58437.84,HR,Florida,True,3,0.12867898699520877,2024,11,4,False,False,1
40.0,72352.16,Cloud Tech,California,True,2,4.763860369609857,2020,3,1,False,False,0
32.5,97154.47,DevOps,New York,True,3,4.7118412046543465,2020,4,2,True,False,0
30.0,80235.5,Sales,Illinois,False,3,3.7508555783709787,2021,3,1,True,False,0
30.0,102172.05,HR,Texas,False,1,1.7905544147843941,2023,3,1,False,False,1
25.0,98850.94,Finance,Illinois,True,4,0.6570841889117043,2024,5,2,False,False,1
30.0,89993.15,Admin,Florida,True,2,1.3388090349075976,2023,8,3,True,False,1
30.0,97931.66,Cloud Tech,California,True,2,3.1813826146475015,2021,10,4,False,False,1
40.0,72451.69,Finance,California,True,1,3.9260780287474333,2021,1,1,False,False,1
35.0,119311.14,Admin,California,True,1,0.3887748117727584,2024,8,3,False,False,0
40.0,76167.46,Cloud Tech,New York,False,3,1.1526351813826146,2023,11,4,False,False,0
25.0,114871.08,DevOps,Texas,False,2,1.514031485284052,2023,6,2,False,False,0
25.0,81504.31,HR,Nevada,False,4,3.2854209445585214,2021,9,3,False,False,0
30.0,102524.86,Admin,New York,False,1,2.0616016427104724,2022,12,4,True,False,0
25.0,53043.74,Finance,Illinois,True,4,2.0424366872005475,2022,12,4,False,False,0
30.0,82547.26,DevOps,Illinois,True,4,4.698151950718686,2020,4,2,False,False,1
40.0,113900.81,DevOps,California,True,2,0.216290212183436,2024,10,4,False,False,0
25.0,118585.5,HR,Nevada,True,2,3.698836413415469,2021,4,2,False,False,1
35.0,63049.22,Finance,Illinois,True,1,4.501026694045175,2020,6,2,False,False,0
32.5,114558.91,DevOps,Texas,False,2,3.6084873374401094,2021,5,2,True,False,0
40.0,97901.79,DevOps,New York,True,2,3.049965776865161,2021,12,4,False,False,0
30.0,68037.56,Sales,California,False,2,1.486652977412731,2023,7,3,False,False,0
30.0,112802.27,HR,New York,False,4,3.080082135523614,2021,11,4,True,False,0
40.0,93786.72,Sales,Nevada,False,1,0.10130047912388775,2024,11,4,False,False,0
30.0,73049.93,Admin,Florida,False,3,1.6016427104722792,2023,5,2,True,False,1
30.0,64161.72,Sales,Illinois,True,4,0.5092402464065708,2024,6,2,False,False,0
40.0,72224.73,Admin,Nevada,False,2,4.1095140314852845,2020,11,4,False,False,0
30.0,103580.45,HR,New York,False,4,4.829568788501026,2020,3,1,False,False,0
40.0,112589.11,HR,Florida,False,2,0.3887748117727584,2024,8,3,False,False,0
30.0,51833.88,Admin,Texas,True,2,3.9589322381930185,2021,1,1,False,False,0
30.0,66252.78,Sales,Illinois,True,4,1.6509240246406571,2023,5,2,True,False,0
25.0,109229.68,DevOps,Florida,True,1,2.1793292265571527,2022,10,4,False,False,0
30.0,61465.05,Finance,Florida,False,2,4.224503764544832,2020,10,4,False,False,1
25.0,96993.74,HR,Florida,False,1,0.8323066392881588,2024,2,1,False,False,0
25.0,98150.39,Admin,Florida,True,3,2.2477754962354553,2022,9,3,False,False,0
40.0,107703.0,Finance,Texas,False,2,0.8733744010951403,2024,2,1,False,False,0
32.5,86766.14,DevOps,Illinois,True,1,1.9876796714579055,2023,1,1,True,False,0
30.0,111443.69,Cloud Tech,Florida,True,1,0.3586584531143053,2024,8,3,True,False,1
30.0,89039.07,Sales,Florida,False,3,4.774811772758385,2020,3,1,True,False,0
30.0,71318.79,HR,Florida,False,1,0.03559206023271732,2024,12,4,False,False,1
30.0,98296.71,Finance,California,False,1,4.689938398357289,2020,4,2,False,False,0
40.0,62584.0,Cloud Tech,Nevada,False,3,4.361396303901437,2020,8,3,False,False,0
40.0,62521.5,Finance,California,True,2,4.854209445585216,2020,2,1,False,False,1
40.0,95400.35,Cloud Tech,California,True,1,1.1170431211498972,2023,11,4,False,False,1
25.0,94385.07,Cloud Tech,Texas,True,1,2.4750171115674195,2022,7,3,False,False,0
30.0,76642.49,Sales,New York,True,1,1.9082819986310746,2023,2,1,True,False,1
32.5,60122.52,DevOps,New York,True,4,0.12320328542094455,2024,11,4,True,False,0
40.0,117267.63,HR,California,False,3,0.6844626967830253,2024,4,2,False,False,0
25.0,87358.27,Admin,New York,True,4,1.5030800821355237,2023,6,2,False,True,0
40.0,84542.68,Sales,Texas,True,3,0.04654346338124572,2024,12,4,False,False,0
40.0,92007.15,Finance,Florida,True,2,1.623545516769336,2023,5,2,False,False,0
32.5,62938.8,DevOps,Illinois,False,2,4.720054757015743,2020,4,2,True,False,0
25.0,108661.01,Admin,Texas,False,1,1.754962354551677,2023,3,1,False,False,0
25.0,97046.33,Cloud Tech,Florida,False,3,4.090349075975359,2020,11,4,False,False,0
40.0,56518.84,DevOps,Illinois,False,2,4.7939767282683095,2020,3,1,False,False,1
40.0,70498.29,Cloud Tech,Florida,True,3,4.632443531827516,2020,5,2,False,False,0
35.0,98708.06,Sales,Florida,True,2,3.8193018480492813,2021,3,1,False,False,0
32.5,83856.41,DevOps,Nevada,False,4,4.503764544832307,2020,6,2,True,False,0
40.0,90259.99,Sales,California,False,2,2.0479123887748116,2022,12,4,False,False,1
30.0,94230.03,Sales,Florida,True,4,0.9062286105407256,2024,2,1,True,False,0
30.0,50110.66,Admin,Nevada,True,2,3.909650924024641,2021,1,1,True,False,1
30.0,73365.46,Sales,Florida,False,1,4.739219712525667,2020,4,2,False,False,1
25.0,67809.23,DevOps,New York,False,4,3.4168377823408624,2021,7,3,False,False,0
30.0,98008.51,Sales,California,False,2,4.355920602327173,2020,8,3,True,False,0
30.0,83537.58,Admin,California,False,1,1.2238193018480492,2023,10,4,False,False,1
30.0,112444.08,Finance,New York,True,4,2.412046543463381,2022,8,3,False,False,0
40.0,86475.13,Finance,Nevada,True,1,0.31211498973305957,2024,9,3,False,False,0
30.0,97984.53,Sales,Texas,True,3,1.757700205338809,2023,3,1,True,False,0
25.0,118853.31,Admin,California,False,3,3.0937713894592744,2021,11,4,False,False,0
30.0,58179.12,Sales,Florida,False,4,1.6591375770020533,2023,5,2,True,False,0
35.0,56075.84,DevOps,Texas,True,2,2.674880219028063,2022,4,2,False,False,1
40.0,62250.89,HR,New York,True,4,3.299110198494182,2021,9,3,False,False,0
30.0,105931.77,Cloud Tech,Florida,True,1,4.854209445585216,2020,2,1,False,False,0
30.0,86653.96,HR,Florida,True,2,0.09582477754962354,2024,11,4,False,False,0
25.0,100719.94,Sales,Nevada,False,3,3.8439425051334704,2021,2,1,False,False,0
25.0,91600.13,HR,Texas,True,2,0.24093086926762491,2024,10,4,False,False,0
25.0,71873.66,Cloud Tech,Illinois,True,3,0.8158795345653662,2024,3,1,False,False,0
30.0,69365.47,HR,New York,True,2,3.3894592744695413,2021,8,3,False,False,0
25.0,58012.23,HR,New York,True,2,3.460643394934976,2021,7,3,False,False,0
30.0,68973.65,Sales,California,True,2,3.2087611225188226,2021,10,4,False,False,0
30.0,92928.4,Admin,New York,True,1,3.249828884325804,2021,9,3,True,False,0
25.0,53531.92,Admin,Texas,True,1,1.2073921971252566,2023,10,4,False,False,1
40.0,112389.31,Finance,New York,False,4,1.6536618754277892,2023,5,2,False,False,0
30.0,63870.3,HR,California,False,4,0.4106776180698152,2024,8,3,True,False,1
40.0,106164.53,Sales,New York,False,3,0.4380561259411362,2024,7,3,False,False,0
40.0,103654.54,HR,Nevada,False,1,1.0130047912388775,2023,12,4,False,False,0
30.0,62834.72,Sales,California,True,3,2.7980835044490076,2022,3,1,False,False,1
35.0,83273.41,Finance,Florida,False,4,4.629705681040384,2020,5,2,False,False,0
30.0,58917.58,HR,California,False,3,1.7741273100616017,2023,3,1,False,False,0
35.0,71148.27,Sales,Nevada,True,4,0.5530458590006845,2024,6,2,False,False,0
30.0,118172.42,Sales,New York,True,1,4.1040383299110195,2020,11,4,False,False,0
30.0,118614.37,DevOps,Illinois,False,2,0.5968514715947981,2024,5,2,False,False,1
32.5,96872.36,DevOps,New York,False,1,1.2785763175906912,2023,9,3,True,False,0
25.0,88856.14,Sales,Illinois,True,3,3.1704312114989732,2021,10,4,False,False,1
35.0,97985.61,Finance,Texas,False,3,4.386036960985626,2020,8,3,False,False,0
35.0,56337.31,Finance,Nevada,True,1,4.65160848733744,2020,5,2,False,False,0
30.0,70405.23,DevOps,New York,True,1,2.0150581793292264,2022,12,4,False,False,1
30.0,89919.35,Admin,Nevada,True,4,3.3155373032169746,2021,9,3,False,False,1
40.0,50568.35,DevOps,California,True,3,1.727583846680356,2023,4,2,False,False,0
30.0,85518.88,HR,Texas,False,3,1.9164955509924708,2023,1,1,False,True,1
25.0,99155.53,HR,Texas,True,1,2.5735797399041753,2022,6,2,False,False,0
40.0,64785.13,Finance,Florida,True,2,1.9383983572895278,2023,1,1,False,False,1
30.0,79206.48,Sales,Florida,False,3,0.28473648186173856,2024,9,3,False,False,1
30.0,60079.71,Cloud Tech,Texas,True,2,4.906228610540725,2020,2,1,False,False,0
30.0,79109.88,Cloud Tech,New York,False,1,0.47638603696098564,2024,7,3,False,False,0
30.0,88643.5,Admin,Florida,False,1,2.617385352498289,2022,5,2,True,False,0
30.0,90455.7,Admin,Florida,False,4,4.952772073921971,2020,1,1,False,False,0
30.0,75687.9,HR,Florida,True,3,1.7631759069130732,2023,3,1,True,False,0
35.0,55604.42,Cloud Tech,Illinois,False,2,1.1225188227241616,2023,11,4,False,False,1
40.0,92704.94,Sales,Texas,False,4,0.0054757015742642025,2024,12,4,False,False,0
30.0,113250.97,Sales,California,True,3,4.698151950718686,2020,4,2,True,False,0
40.0,101367.02,Finance,Illinois,False,4,1.7768651608487338,2023,3,1,False,False,1
35.0,102459.77,Admin,Texas,False,1,1.6454483230663928,2023,5,2,False,False,0
25.0,90100.2,DevOps,Florida,False,3,4.046543463381246,2020,12,4,False,False,0
30.0,58877.49,Cloud Tech,California,False,4,4.5338809034907595,2020,6,2,True,False,1
35.0,87358.27,Admin,Illinois,False,4,3.4524298425735798,2021,7,3,False,True,1
30.0,96140.89,Admin,Illinois,True,2,4.147843942505133,2020,11,4,True,False,0
35.0,105956.04,DevOps,New York,False,4,3.980835044490075,2021,1,1,False,False,1
25.0,84716.38,Admin,Illinois,False,3,0.29842573579739906,2024,9,3,False,False,0
30.0,61709.83,DevOps,Florida,True,3,1.4209445585215605,2023,7,3,False,False,0
25.0,61732.03,DevOps,California,True,2,4.700889801505818,2020,4,2,False,False,0
40.0,97845.7,DevOps,Illinois,True,3,2.86652977412731,2022,2,1,False,False,0
30.0,114905.58,Sales,Florida,False,1,3.375770020533881,2021,8,3,False,False,0
32.5,94619.69,DevOps,Texas,True,3,2.0150581793292264,2022,12,4,True,False,0
32.5,68696.15,DevOps,California,False,3,3.479808350444901,2021,7,3,True,False,1
40.0,97032.29,DevOps,Nevada,False,4,0.8788501026694046,2024,2,1,False,False,0
30.0,50593.33,HR,Illinois,True,4,1.2238193018480492,2023,10,4,False,False,0
25.0,74606.15,Sales,Texas,True,3,2.4941820670773445,2022,7,3,False,False,0
30.0,53981.73,Cloud Tech,Texas,False,2,4.479123887748118,2020,7,3,False,False,0
32.5,56047.05,DevOps,Texas,True,4,4.323066392881588,2020,9,3,True,False,0
30.0,67733.5,Admin,Texas,False,2,3.9616700889801506,2021,1,1,True,False,0
40.0,103891.64,HR,Florida,True,3,1.2511978097193703,2023,9,3,False,False,0
25.0,73285.83,HR,Texas,True,3,2.817248459958932,2022,3,1,False,False,1
30.0,92721.13,Finance,Texas,True,1,3.871321013004791,2021,2,1,False,False,1
25.0,92977.64,Admin,Illinois,False,4,3.7700205338809036,2021,3,1,False,False,1
35.0,89994.12,Cloud Tech,Texas,True,3,4.59958932238193,2020,5,2,False,False,0
25.0,50060.73,Finance,New York,False,1,1.404517453798768,2023,8,3,False,False,0
35.0,90224.82,Admin,Nevada,False,4,2.8008213552361396,2022,3,1,False,False,1
40.0,106859.3,Finance,Florida,False,3,0.6160164271047228,2024,5,2,False,False,0
25.0,89707.07,Finance,Nevada,False,3,4.314852840520191,2020,9,3,False,False,1
35.0,94259.08,DevOps,California,True,4,4.684462696783025,2020,4,2,False,False,1
35.0,82174.75,Sales,California,False,4,0.2792607802874743,2024,9,3,False,False,0
30.0,63370.22,Sales,Texas,False,4,1.2895277207392197,2023,9,3,False,False,1
35.0,101472.69,Finance,Texas,True,3,2.54072553045859,2022,6,2,False,False,0
25.0,77213.73,DevOps,Illinois,False,3,2.2532511978097194,2022,9,3,False,False,0
40.0,73749.96,Sales,Florida,True,1,4.788501026694045,2020,3,1,False,False,0
40.0,86618.37,Cloud Tech,New York,False,2,1.2539356605065024,2023,9,3,False,False,0
30.0,59911.33,Admin,Texas,True,4,0.8706365503080082,2024,2,1,True,False,0
30.0,59137.64,Cloud Tech,New York,False,3,1.3579739904175223,2023,8,3,True,False,0
35.0,108474.65,Cloud Tech,Florida,True,3,4.03832991101985,2020,12,4,False,False,0
25.0,54417.71,Finance,Illinois,False,4,3.759069130732375,2021,3,1,False,False,0
40.0,88211.94,HR,Texas,False,2,1.7659137577002053,2023,3,1,False,False,0
25.0,58452.18,Sales,New York,True,4,4.640657084188912,2020,5,2,False,False,1
30.0,80706.28,DevOps,California,True,2,4.071184120465435,2020,12,4,False,False,0
30.0,86618.37,Cloud Tech,Nevada,True,3,2.8856947296372346,2022,2,1,False,True,0
25.0,99471.89,Cloud Tech,Texas,True,2,4.4955509924709105,2020,7,3,False,False,0
40.0,64431.22,DevOps,Florida,False,1,4.284736481861739,2020,9,3,False,False,0
40.0,52633.48,Admin,New York,False,3,1.1170431211498972,2023,11,4,False,False,0
30.0,79315.01,Cloud Tech,Nevada,True,1,3.0444900752908968,2021,12,4,True,False,1
25.0,110391.17,Sales,Texas,False,4,2.965092402464066,2022,1,1,False,False,0
40.0,53714.83,DevOps,Nevada,True,4,3.4442162902121836,2021,7,3,False,False,0
40.0,114587.11,Finance,New York,True,4,1.2375085557837098,2023,10,4,False,False,0
35.0,93177.35,Admin,Florida,False,2,3.1211498973305956,2021,11,4,False,False,1
25.0,62312.13,Cloud Tech,Nevada,False,3,1.9822039698836413,2023,1,1,False,False,0
30.0,81137.46,Cloud Tech,Texas,False,4,0.9500342231348392,2024,1,1,True,False,0
30.0,104528.27,DevOps,Nevada,False,4,3.704312114989733,2021,4,2,False,False,1
30.0,112395.56,DevOps,Florida,False,3,2.8884325804243667,2022,2,1,False,False,0
25.0,81849.36,Finance,New York,False,4,1.5770020533880904,2023,6,2,False,False,0
40.0,118288.91,DevOps,New York,False,1,2.9842573579739904,2022,1,1,False,False,0
25.0,59555.1,DevOps,Illinois,True,3,3.4223134839151266,2021,7,3,False,False,0
40.0,70661.31,Admin,California,True,3,0.024640657084188913,2024,12,4,False,False,0
30.0,109988.16,Sales,New York,True,3,2.6858316221765914,2022,4,2,True,False,0
35.0,101101.24,Finance,Florida,True,1,4.914442162902122,2020,1,1,True,False,1
30.0,112427.58,HR,Florida,True,3,3.7481177275838466,2021,3,1,False,False,0
30.0,119389.15,Cloud Tech,Florida,False,1,4.769336071184121,2020,3,1,True,False,0
40.0,105861.23,Sales,Florida,True,3,0.4544832306639288,2024,7,3,False,False,1
40.0,50869.61,Admin,Texas,True,2,0.7720739219712526,2024,3,1,False,False,0
30.0,85518.88,HR,California,True,4,1.3634496919917864,2023,8,3,False,True,0
30.0,90856.21,DevOps,Florida,True,2,0.8049281314168378,2024,3,1,False,False,0
30.0,111008.63,DevOps,Florida,True,4,0.5667351129363449,2024,6,2,False,False,0
25.0,52289.99,Finance,Nevada,True,1,2.0177960301163584,2022,12,4,False,False,1
30.0,97926.56,Sales,Illinois,True,2,0.5776865160848734,2024,6,2,True,False,0
25.0,53609.38,Sales,Nevada,False,3,0.01642710472279261,2024,12,4,False,False,1
30.0,95372.09,Cloud Tech,California,False,4,4.01368925393566,2020,12,4,True,False,1
30.0,95432.69,HR,New York,True,4,4.358658453114305,2020,8,3,False,False,0
30.0,97615.87,HR,California,False,2,2.1711156741957565,2022,10,4,False,False,1
35.0,86867.78,HR,Florida,False,1,2.184804928131417,2022,10,4,False,False,1
40.0,106615.71,Sales,California,False,2,1.108829568788501,2023,11,4,False,False,0
30.0,112856.21,Finance,Texas,False,1,2.8035592060232717,2022,3,1,False,False,0
25.0,60356.78,Admin,California,True,1,1.0869267624914443,2023,11,4,False,False,0
32.5,117870.22,DevOps,Texas,False,4,2.6584531143052703,2022,5,2,True,False,1
40.0,95127.91,HR,Florida,False,2,0.8596851471594799,2024,2,1,False,False,1
25.0,78818.42,Admin,Illinois,False,2,3.1129363449691994,2021,11,4,False,False,0
40.0,108933.55,Sales,Nevada,True,1,2.023271731690623,2022,12,4,False,False,0
30.0,68200.52,Admin,California,True,2,0.5694729637234771,2024,6,2,True,False,0
25.0,116934.97,Admin,California,True,3,2.439425051334702,2022,7,3,False,False,1
30.0,99567.78,HR,New York,True,3,0.29021218343600275,2024,9,3,True,False,0
30.0,90216.76,Admin,Texas,True,2,3.2197125256673513,2021,10,4,False,False,0
30.0,96588.73,Admin,Illinois,True,2,4.799452429842574,2020,3,1,False,False,0
35.0,71109.18,Finance,Illinois,True,1,2.004106776180698,2022,12,4,False,False,0
40.0,50300.6,Admin,Florida,False,3,4.120465434633813,2020,11,4,False,False,1
35.0,60295.84,Finance,California,False,3,1.2566735112936345,2023,9,3,False,False,0
35.0,113012.21,DevOps,Texas,False,4,2.3107460643394937,2022,9,3,False,False,0
35.0,65425.54,Cloud Tech,Florida,True,1,0.2792607802874743,2024,9,3,False,False,0
25.0,86850.37,Sales,Nevada,True,4,1.7248459958932238,2023,4,2,False,False,0
30.0,81182.07,Cloud Tech,Texas,True,3,0.2327173169062286,2024,10,4,False,False,0
35.0,92222.03,Finance,New York,True,1,3.2142368240930868,2021,10,4,True,False,1
35.0,79934.83,Finance,New York,True,2,0.2080766598220397,2024,10,4,False,False,0
35.0,111201.12,HR,California,False,1,2.4969199178644765,2022,7,3,False,False,1
40.0,100960.05,Finance,California,False,2,0.47638603696098564,2024,7,3,False,False,0
30.0,64544.87,Sales,Illinois,True,2,4.188911704312115,2020,10,4,False,False,0
25.0,78662.24,Sales,Florida,True,1,4.958247775496235,2020,1,1,False,False,0
30.0,102867.06,Sales,Florida,True,2,1.809719370294319,2023,3,1,False,False,0
40.0,107595.95,HR,Illinois,True,4,4.758384668035592,2020,3,1,False,False,1
40.0,86850.37,Sales,Nevada,False,3,3.7371663244353184,2021,4,2,False,True,1
35.0,95766.91,DevOps,Nevada,True,2,4.298425735797399,2020,9,3,False,False,1
30.0,51990.98,Finance,Nevada,True,4,3.62217659137577,2021,5,2,False,False,0
25.0,83634.01,Sales,Nevada,True,2,1.7357973990417521,2023,4,2,False,False,1
40.0,85837.98000000001,DevOps,Texas,True,3,2.1218343600273784,2022,11,4,False,True,1
30.0,82273.08,Sales,Texas,False,4,3.2032854209445585,2021,10,4,False,False,0
30.0,94537.3,Cloud Tech,California,True,3,2.642026009582478,2022,5,2,False,False,1
35.0,85970.65,HR,Illinois,True,3,4.563997262149213,2020,6,2,False,False,0
25.0,111071.02,Sales,New York,False,4,3.186858316221766,2021,10,4,False,False,0
35.0,56708.34,DevOps,Nevada,False,4,2.9623545516769334,2022,1,1,False,False,0
25.0,104516.55,Admin,Illinois,False,4,2.9048596851471595,2022,2,1,False,False,1
25.0,108210.15,Admin,New York,True,1,3.756331279945243,2021,3,1,False,False,0
40.0,83516.345,Finance,Texas,True,4,0.405201916495551,2024,8,3,False,True,0
35.0,80935.65,DevOps,California,False,4,0.4134154688569473,2024,7,3,False,False,0
30.0,107020.19,DevOps,California,False,4,0.8213552361396304,2024,3,1,False,False,0
30.0,118677.67,HR,New York,False,4,4.265571526351814,2020,9,3,False,False,0
25.0,63744.57,Cloud Tech,Florida,False,2,4.75564681724846,2020,3,1,False,False,1
40.0,86618.37,Cloud Tech,California,False,1,4.6242299794661195,2020,5,2,False,True,0
25.0,62934.73,Sales,New York,False,3,3.8740588637919235,2021,2,1,False,False,0
30.0,74654.23,DevOps,California,True,4,3.0444900752908968,2021,12,4,False,False,0
30.0,86850.37,Sales,Texas,True,2,0.3997262149212868,2024,8,3,True,True,0
30.0,118150.59,HR,New York,True,2,4.971937029431896,2020,1,1,False,False,0
32.5,91256.64,DevOps,Florida,False,2,1.08145106091718,2023,11,4,True,False,1
30.0,85997.57,HR,Florida,False,3,3.7946611909650922,2021,3,1,False,False,1
25.0,84707.12,Finance,Texas,False,4,4.232717316906228,2020,10,4,False,False,0
32.5,84559.9,DevOps,Texas,False,1,3.156741957563313,2021,11,4,True,False,0
32.5,81076.91,DevOps,California,False,1,0.2792607802874743,2024,9,3,True,False,0
40.0,87358.27,Admin,Texas,False,2,1.1882272416153319,2023,10,4,False,True,1
25.0,97356.31,Finance,Florida,True,3,1.3032169746748803,2023,9,3,False,False,0
40.0,114770.32,DevOps,Illinois,True,3,0.837782340862423,2024,2,1,False,False,0
35.0,109082.07,Admin,California,False,3,1.6591375770020533,2023,5,2,False,False,0
40.0,99944.57,DevOps,Florida,True,1,0.7063655030800822,2024,4,2,False,False,1
40.0,116509.72,HR,Florida,False,2,1.6125941136208077,2023,5,2,False,False,0
30.0,84253.9,Finance,Texas,True,4,3.589322381930185,2021,5,2,False,False,0
25.0,54776.01,Cloud Tech,Nevada,False,1,0.3394934976043806,2024,8,3,False,False,0
40.0,71192.68,Sales,Nevada,False,2,4.139630390143737,2020,11,4,False,False,1
35.0,96346.53,Finance,Florida,True,2,3.34839151266256,2021,8,3,True,False,0
30.0,116680.63,HR,Illinois,True,4,4.895277207392197,2020,2,1,True,False,0
25.0,76343.56,Finance,Florida,False,4,0.2135523613963039,2024,10,4,False,False,1
30.0,99424.14,Sales,Nevada,False,4,0.03559206023271732,2024,12,4,False,False,1
35.0,57656.74,DevOps,Florida,True,3,0.7118412046543463,2024,4,2,False,False,1
40.0,77396.94,Sales,New York,True,4,4.681724845995893,2020,4,2,False,False,0
32.5,54299.68,DevOps,California,False,2,3.1978097193702943,2021,10,4,True,False,1
35.0,103563.58,HR,Nevada,True,4,4.843258042436688,2020,2,1,False,False,0
25.0,74588.85,Finance,California,False,2,2.6858316221765914,2022,4,2,False,False,1
30.0,113727.23,DevOps,California,False,1,4.520191649555099,2020,6,2,False,False,0
25.0,72828.18,HR,New York,False,3,1.9767282683093772,2023,1,1,False,False,0
30.0,98717.09,Sales,Florida,False,1,4.8815879534565365,2020,2,1,True,False,1
40.0,56840.8,Sales,Florida,True,1,1.78507871321013,2023,3,1,False,False,1
35.0,61663.91,Finance,Illinois,True,2,3.0910335386721424,2021,11,4,False,False,0
30.0,109523.4,Finance,Nevada,True,1,0.28199863107460643,2024,9,3,False,False,0
25.0,65812.02,HR,Illinois,True,2,0.48459958932238195,2024,7,3,False,False,1
30.0,54708.88,Cloud Tech,Illinois,True,4,3.463381245722108,2021,7,3,True,False,1
40.0,107661.73,Admin,California,True,4,1.3415468856947297,2023,8,3,False,False,0
40.0,79002.0,DevOps,Illinois,True,2,3.8740588637919235,2021,2,1,False,False,1
30.0,86135.69,Admin,Texas,False,4,1.051334702258727,2023,12,4,True,False,0
30.0,115601.4,DevOps,Nevada,True,3,3.4934976043805612,2021,7,3,False,False,1
32.5,64045.36,DevOps,Nevada,True,1,2.0670773442847366,2022,12,4,True,False,0
30.0,80477.21,DevOps,Nevada,False,3,0.26283367556468173,2024,9,3,False,False,1
30.0,61240.9,Finance,California,True,1,1.3716632443531827,2023,8,3,False,False,1
40.0,51939.29,Admin,Texas,True,4,3.917864476386037,2021,1,1,False,False,0
40.0,95284.54,Finance,Illinois,False,3,2.628336755646817,2022,5,2,False,False,1
35.0,106247.67,Admin,Texas,True,4,0.5667351129363449,2024,6,2,False,False,1
25.0,110170.88,DevOps,Florida,True,1,4.684462696783025,2020,4,2,False,False,0
25.0,52615.44,HR,Nevada,True,2,0.5530458590006845,2024,6,2,False,False,0
30.0,82547.26,DevOps,Illinois,False,2,4.698151950718686,2020,4,2,False,False,1
35.0,63049.22,Finance,Illinois,True,3,4.501026694045175,2020,6,2,False,False,0
35.0,115229.12,HR,California,True,4,1.8699520876112252,2023,2,1,False,False,0
25.0,60687.63,DevOps,Illinois,False,4,1.541409993155373,2023,6,2,False,False,0
30.0,67492.73,Finance,Illinois,True,3,2.7816563997262147,2022,3,1,False,False,1
30.0,77821.79,HR,Illinois,False,2,1.1800136892539357,2023,10,4,True,False,1
35.0,69146.95,DevOps,Texas,False,1,2.461327857631759,2022,7,3,False,False,0
35.0,90224.82,Admin,Nevada,True,3,2.8008213552361396,2022,3,1,False,False,1
35.0,62603.98,Finance,Illinois,False,1,0.5503080082135524,2024,6,2,True,False,0
35.0,71148.27,Sales,Nevada,False,2,0.5530458590006845,2024,6,2,False,False,0
40.0,52031.74,Admin,California,True,4,2.272416153319644,2022,9,3,False,False,1
35.0,85837.98000000001,DevOps,Florida,False,2,1.7084188911704312,2023,4,2,False,True,1
30.0,116680.63,HR,Illinois,False,3,4.895277207392197,2020,2,1,True,False,0
30.0,51990.98,Finance,Nevada,True,4,3.62217659137577,2021,5,2,False,False,0
30.0,85518.88,HR,California,True,3,1.3634496919917864,2023,8,3,False,True,0
30.0,100215.06,Cloud Tech,Texas,True,3,3.143052703627652,2021,11,4,False,False,1
40.0,114587.11,Finance,New York,False,2,1.2375085557837098,2023,10,4,False,False,0
30.0,71318.79,HR,Florida,True,3,0.03559206023271732,2024,12,4,False,False,1
30.0,77764.24,DevOps,Illinois,False,2,3.8494182067077345,2021,2,1,False,False,0
